	Protein	Protein ID	Protein entry name	Gene name	Protein length	Organism	Protein Existence	Protein name	Protein Probability	Top Peptide Probability	Total peptides	Spectral count Combined	Unique spectral count Combined	Total spectral count Combined	Spectral count GFP_Atg8	Unique spectral count GFP_Atg8	Total spectral count GFP_Atg8	Intensity GFP_Atg8	Indistinguishable Proteins	Protein reported by software	Representative protein	Potential contaminant	Leading proteins	Leading potential contaminants	Molecular weight [kDa]	Fasta header	iBAQ peptides	iBAQ intensity GFP_Atg8	Sequence coverage	Valid	Expression GFP_Atg8	Missing total	Missing GFP_Atg8	Events total	Events GFP_Atg8
0	pdb|3OGO|GFPNANOBODY_SYNTHETIC	pdb|3OGO|GFPNANOBODY_SYNTHETIC GFP-Nanobody OS=Synthetic OX=0000 GN=GFPNanobody PE=1 SV=1	pdb|3OGO|GFPNANOBODY_SYNTHETIC GFP-Nanobody OS=Synthetic OX=0000 GN=GFPNanobody PE=1 SV=1	GFPNanobody	123			GFP-Nanobody	1.0	0.999	16	726	716	726	726	716	726	305245030000.0		3OGO	3OGO	False	3OGO	False	13.79	pdb|3OGO|GFPNANOBODY_SYNTHETIC GFP-Nanobody OS=Synthetic OX=0000 GN=GFPNanobody PE=1 SV=1	6	363530031772.753	69.1	False	38.151176849202244	0	False	1	1
1	sp|O14455|RL36B_YEAST	O14455	RL36B_YEAST	RPL36B	100	Saccharomyces cerevisiae (strain ATCC 204508 / S288c) OX=559292	1:Experimental evidence at protein level	60S ribosomal protein L36-B	1.0	0.999	4	4	2	4	4	2	4	38822520.0		O14455	O14455	False	O14455	False	11.13	sp|O14455|RL36B_YEAST 60S ribosomal protein L36-B OS=Saccharomyces cerevisiae (strain ATCC 204508 / S288c) OX=559292 GN=RPL36B PE=1 SV=3	4	69353227.12264147	32.0	False	25.21039043176095	0	False	1	1
2	sp|P00330|ADH1_YEAST	P00330	ADH1_YEAST	ADH1	348	Saccharomyces cerevisiae (strain ATCC 204508 / S288c) OX=559292	1:Experimental evidence at protein level	Alcohol dehydrogenase 1	1.0	0.999	15	17	0	17	17	0	17	342380100.0	sp|contam_P00330|ADH1_YEAST	P00330	P00330	False	P00330;contam_P00330	False;True	36.83	sp|P00330|ADH1_YEAST Alcohol dehydrogenase 1 OS=Saccharomyces cerevisiae (strain ATCC 204508 / S288c) OX=559292 GN=ADH1 PE=1 SV=5	17	143913831.68430683	33.9	False	28.351023610178977	0	False	1	1
3	sp|P00358|G3P2_YEAST	P00358	G3P2_YEAST	TDH2	332	Saccharomyces cerevisiae (strain ATCC 204508 / S288c) OX=559292	1:Experimental evidence at protein level	Glyceraldehyde-3-phosphate dehydrogenase 2	1.0	0.999	18	1	0	30	1	0	30	6593122.0		P00358	P00358	False	P00358	False	35.82	sp|P00358|G3P2_YEAST Glyceraldehyde-3-phosphate dehydrogenase 2 OS=Saccharomyces cerevisiae (strain ATCC 204508 / S288c) OX=559292 GN=TDH2 PE=1 SV=3	20	2355613.6361744893	7.2	False	22.65253034675045	0	False	1	1
4	sp|P00359|G3P3_YEAST	P00359	G3P3_YEAST	TDH3	332	Saccharomyces cerevisiae (strain ATCC 204508 / S288c) OX=559292	1:Experimental evidence at protein level	Glyceraldehyde-3-phosphate dehydrogenase 3	1.0	0.999	21	36	7	36	36	7	36	1320314500.0		P00359	P00359	False	P00359	False	35.72	sp|P00359|G3P3_YEAST Glyceraldehyde-3-phosphate dehydrogenase 3 OS=Saccharomyces cerevisiae (strain ATCC 204508 / S288c) OX=559292 GN=TDH3 PE=1 SV=3	20	471726572.060839	63.3	False	30.298234475650993	0	False	1	1
5	sp|P00549|KPYK1_YEAST	P00549	KPYK1_YEAST	CDC19	500	Saccharomyces cerevisiae (strain ATCC 204508 / S288c) OX=559292	1:Experimental evidence at protein level	Pyruvate kinase 1	1.0	0.999	21	26	24	26	26	24	26	417726620.0		P00549	P00549	False	P00549	False	54.51	sp|P00549|KPYK1_YEAST Pyruvate kinase 1 OS=Saccharomyces cerevisiae (strain ATCC 204508 / S288c) OX=559292 GN=CDC19 PE=1 SV=2	28	106604874.6671238	53.0	False	28.637983842552394	0	False	1	1
6	sp|P00560|PGK_YEAST	P00560	PGK_YEAST	PGK1	416	Saccharomyces cerevisiae (strain ATCC 204508 / S288c) OX=559292	1:Experimental evidence at protein level	Phosphoglycerate kinase	1.0	0.999	11	12	12	12	12	12	12	144322400.0		P00560	P00560	False	P00560	False	44.71	sp|P00560|PGK_YEAST Phosphoglycerate kinase OS=Saccharomyces cerevisiae (strain ATCC 204508 / S288c) OX=559292 GN=PGK1 PE=1 SV=2	27	38195563.49170804	34.1	False	27.104719994208022	0	False	1	1
7	sp|P00925|ENO2_YEAST	P00925	ENO2_YEAST	ENO2	437	Saccharomyces cerevisiae (strain ATCC 204508 / S288c) OX=559292	1:Experimental evidence at protein level	Enolase 2	1.0	0.999	16	28	17	28	28	17	28	674661400.0		P00925	P00925	False	P00925	False	46.89	sp|P00925|ENO2_YEAST Enolase 2 OS=Saccharomyces cerevisiae (strain ATCC 204508 / S288c) OX=559292 GN=ENO2 PE=1 SV=2	20	241045379.35754436	34.1	False	29.329588381108287	0	False	1	1
8	sp|P00942|TPIS_YEAST	P00942	TPIS_YEAST	TPI1	248	Saccharomyces cerevisiae (strain ATCC 204508 / S288c) OX=559292	1:Experimental evidence at protein level	Triosephosphate isomerase	1.0	0.999	4	4	4	4	4	4	4	46321264.0		P00942	P00942	False	P00942	False	26.78	sp|P00942|TPIS_YEAST Triosephosphate isomerase OS=Saccharomyces cerevisiae (strain ATCC 204508 / S288c) OX=559292 GN=TPI1 PE=1 SV=2	12	27583038.082019027	20.2	False	25.465171285881755	0	False	1	1
9	sp|P00950|PMG1_YEAST	P00950	PMG1_YEAST	GPM1	247	Saccharomyces cerevisiae (strain ATCC 204508 / S288c) OX=559292	1:Experimental evidence at protein level	Phosphoglycerate mutase 1	1.0	0.999	7	7	7	7	7	7	7	51029244.0		P00950	P00950	False	P00950	False	27.59	sp|P00950|PMG1_YEAST Phosphoglycerate mutase 1 OS=Saccharomyces cerevisiae (strain ATCC 204508 / S288c) OX=559292 GN=GPM1 PE=1 SV=3	14	26045580.532924037	27.9	False	25.604820932515803	0	False	1	1
10	sp|P02293|H2B1_YEAST	P02293	H2B1_YEAST	HTB1	131	Saccharomyces cerevisiae (strain ATCC 204508 / S288c) OX=559292	1:Experimental evidence at protein level	Histone H2B.1	1.0	0.9988	4	6	0	6	6	0	6	110636100.0	sp|P02294|H2B2_YEAST	P02293	P02293	False	P02293;P02294	False;False	14.24	sp|P02293|H2B1_YEAST Histone H2B.1 OS=Saccharomyces cerevisiae (strain ATCC 204508 / S288c) OX=559292 GN=HTB1 PE=1 SV=2	9	87841004.21053752	27.5	False	26.721246965585813	0	False	1	1
11	sp|P02406|RL28_YEAST	P02406	RL28_YEAST	RPL28	149	Saccharomyces cerevisiae (strain ATCC 204508 / S288c) OX=559292	1:Experimental evidence at protein level	60S ribosomal protein L28	1.0	0.999	9	25	25	25	25	25	25	2126445000.0		P02406	P02406	False	P02406	False	16.71	sp|P02406|RL28_YEAST 60S ribosomal protein L28 OS=Saccharomyces cerevisiae (strain ATCC 204508 / S288c) OX=559292 GN=RPL28 PE=1 SV=3	9	1688319311.6756327	49.7	False	30.985796394464444	0	False	1	1
12	sp|P02407|RS17A_YEAST	P02407	RS17A_YEAST	RPS17A	136	Saccharomyces cerevisiae (strain ATCC 204508 / S288c) OX=559292	1:Experimental evidence at protein level	40S ribosomal protein S17-A	1.0	0.999	10	18	0	18	18	0	18	127892510.0	sp|P14127|RS17B_YEAST	P02407	P02407	False	P02407;P14127	False;False	15.78	sp|P02407|RS17A_YEAST 40S ribosomal protein S17-A OS=Saccharomyces cerevisiae (strain ATCC 204508 / S288c) OX=559292 GN=RPS17A PE=1 SV=1	6	152312940.93075696	61.0	False	26.93035653463769	0	False	1	1
13	sp|P02994|EF1A_YEAST	P02994	EF1A_YEAST	TEF2	458	Saccharomyces cerevisiae (strain ATCC 204508 / S288c) OX=559292	1:Experimental evidence at protein level	Elongation factor 1-alpha	1.0	0.999	10	15	15	15	15	15	15	362296700.0		P02994	P02994	False	P02994	False	50.0	sp|P02994|EF1A_YEAST Elongation factor 1-alpha OS=Saccharomyces cerevisiae (strain ATCC 204508 / S288c) OX=559292 GN=TEF2 PE=1 SV=1	22	117675117.52964517	29.9	False	28.4325964240805	0	False	1	1
14	sp|P04449|RL24A_YEAST	P04449	RL24A_YEAST	RPL24A	155	Saccharomyces cerevisiae (strain ATCC 204508 / S288c) OX=559292	1:Experimental evidence at protein level	60S ribosomal protein L24-A	1.0	0.999	7	9	0	9	9	0	9	165064780.0	sp|P24000|RL24B_YEAST	P04449	P04449	False	P04449;P24000	False;False	17.6	sp|P04449|RL24A_YEAST 60S ribosomal protein L24-A OS=Saccharomyces cerevisiae (strain ATCC 204508 / S288c) OX=559292 GN=RPL24A PE=1 SV=1	5	235899682.49951518	21.3	False	27.298457083227582	0	False	1	1
15	sp|P04650|RL39_YEAST	P04650	RL39_YEAST	RPL39	51	Saccharomyces cerevisiae (strain ATCC 204508 / S288c) OX=559292	1:Experimental evidence at protein level	60S ribosomal protein L39	0.7294	0.9782	1	1	1	1	1	1	1	955497.06		P04650	P04650	False	P04650	False	6.34	sp|P04650|RL39_YEAST 60S ribosomal protein L39 OS=Saccharomyces cerevisiae (strain ATCC 204508 / S288c) OX=559292 GN=RPL39 PE=1 SV=3	1	6827666.479888084	15.7	False	19.86589190857105	0	False	1	1
16	sp|P04840|VDAC1_YEAST	P04840	VDAC1_YEAST	POR1	283	Saccharomyces cerevisiae (strain ATCC 204508 / S288c) OX=559292	1:Experimental evidence at protein level	Mitochondrial outer membrane protein porin 1	0.9832	0.999	1	1	1	1	1	1	1	3987084.0		P04840	P04840	False	P04840	False	30.41	sp|P04840|VDAC1_YEAST Mitochondrial outer membrane protein porin 1 OS=Saccharomyces cerevisiae (strain ATCC 204508 / S288c) OX=559292 GN=POR1 PE=1 SV=4	16	1780649.1065562582	3.5	False	21.926902569720077	0	False	1	1
17	sp|P04911|H2A1_YEAST	P04911	H2A1_YEAST	HTA1	132	Saccharomyces cerevisiae (strain ATCC 204508 / S288c) OX=559292	1:Experimental evidence at protein level	Histone H2A.1	1.0	0.999	2	3	0	3	3	0	3	52839036.0	sp|P04912|H2A2_YEAST	P04911	P04911	False	P04911;P04912	False;False	13.98	sp|P04911|H2A1_YEAST Histone H2A.1 OS=Saccharomyces cerevisiae (strain ATCC 204508 / S288c) OX=559292 GN=HTA1 PE=1 SV=2	5	75514060.69774818	12.1	False	25.655100810381708	0	False	1	1
18	sp|P05030|PMA1_YEAST	P05030	PMA1_YEAST	PMA1	918	Saccharomyces cerevisiae (strain ATCC 204508 / S288c) OX=559292	1:Experimental evidence at protein level	Plasma membrane ATPase 1	1.0	0.999	15	21	6	21	21	6	21	247717300.0		P05030	P05030	False	P05030	False	99.56	sp|P05030|PMA1_YEAST Plasma membrane ATPase 1 OS=Saccharomyces cerevisiae (strain ATCC 204508 / S288c) OX=559292 GN=PMA1 PE=1 SV=2	30	59003534.26862386	22.3	False	27.884119385667272	0	False	1	1
19	sp|P05737|RL7A_YEAST	P05737	RL7A_YEAST	RPL7A	244	Saccharomyces cerevisiae (strain ATCC 204508 / S288c) OX=559292	1:Experimental evidence at protein level	60S ribosomal protein L7-A	1.0	0.999	5	5	1	5	5	1	5	44211130.0		P05737	P05737	False	P05737	False	27.62	sp|P05737|RL7A_YEAST 60S ribosomal protein L7-A OS=Saccharomyces cerevisiae (strain ATCC 204508 / S288c) OX=559292 GN=RPL7A PE=1 SV=3	12	26326511.349929783	16.0	False	25.3979062730695	0	False	1	1
20	sp|P05738|RL9A_YEAST	P05738	RL9A_YEAST	RPL9A	191	Saccharomyces cerevisiae (strain ATCC 204508 / S288c) OX=559292	1:Experimental evidence at protein level	60S ribosomal protein L9-A	1.0	0.999	4	4	0	4	4	0	4	20533536.0	sp|P51401|RL9B_YEAST	P05738	P05738	False	P05738;P51401	False;False	21.56	sp|P05738|RL9A_YEAST 60S ribosomal protein L9-A OS=Saccharomyces cerevisiae (strain ATCC 204508 / S288c) OX=559292 GN=RPL9A PE=1 SV=2	10	14672586.795900268	16.8	False	24.291478753927702	0	False	1	1
21	sp|P05739|RL6B_YEAST	P05739	RL6B_YEAST	RPL6B	176	Saccharomyces cerevisiae (strain ATCC 204508 / S288c) OX=559292	1:Experimental evidence at protein level	60S ribosomal protein L6-B	1.0	0.9984	3	3	0	3	3	0	3	7601178.0	sp|Q02326|RL6A_YEAST	P05739	P05739	False	P05739;Q02326	False;False	19.97	sp|P05739|RL6B_YEAST 60S ribosomal protein L6-B OS=Saccharomyces cerevisiae (strain ATCC 204508 / S288c) OX=559292 GN=RPL6B PE=1 SV=4	11	4937773.457576362	14.2	False	22.857791588283153	0	False	1	1
22	sp|P05740|RL17A_YEAST	P05740	RL17A_YEAST	RPL17A	184	Saccharomyces cerevisiae (strain ATCC 204508 / S288c) OX=559292	1:Experimental evidence at protein level	60S ribosomal protein L17-A	0.9999	0.999	8	1	1	12	1	1	12	8154805.5		P05740	P05740	False	P05740	False	20.54	sp|P05740|RL17A_YEAST 60S ribosomal protein L17-A OS=Saccharomyces cerevisiae (strain ATCC 204508 / S288c) OX=559292 GN=RPL17A PE=1 SV=4	7	8324506.762458871	5.4	False	22.959219036999315	0	False	1	1
23	sp|P05744|RL33A_YEAST	P05744	RL33A_YEAST	RPL33A	107	Saccharomyces cerevisiae (strain ATCC 204508 / S288c) OX=559292	1:Experimental evidence at protein level	60S ribosomal protein L33-A	0.9994	0.999	2	2	0	2	2	0	2	8485898.0	sp|P41056|RL33B_YEAST	P05744	P05744	False	P05744;P41056	False;False	12.15	sp|P05744|RL33A_YEAST 60S ribosomal protein L33-A OS=Saccharomyces cerevisiae (strain ATCC 204508 / S288c) OX=559292 GN=RPL33A PE=1 SV=3	5	12127485.002695736	16.8	False	23.01663590694663	0	False	1	1
24	sp|P05747|RL29_YEAST	P05747	RL29_YEAST	RPL29	59	Saccharomyces cerevisiae (strain ATCC 204508 / S288c) OX=559292	1:Experimental evidence at protein level	60S ribosomal protein L29	1.0	0.999	4	15	15	15	15	15	15	620735940.0		P05747	P05747	False	P05747	False	6.66	sp|P05747|RL29_YEAST 60S ribosomal protein L29 OS=Saccharomyces cerevisiae (strain ATCC 204508 / S288c) OX=559292 GN=RPL29 PE=1 SV=3	2	2217787028.2509403	40.7	False	29.209404438059213	0	False	1	1
25	sp|P05749|RL22A_YEAST	P05749	RL22A_YEAST	RPL22A	121	Saccharomyces cerevisiae (strain ATCC 204508 / S288c) OX=559292	1:Experimental evidence at protein level	60S ribosomal protein L22-A	0.9836	0.999	1	1	1	1	1	1	1	7503908.0		P05749	P05749	False	P05749	False	13.68	sp|P05749|RL22A_YEAST 60S ribosomal protein L22-A OS=Saccharomyces cerevisiae (strain ATCC 204508 / S288c) OX=559292 GN=RPL22A PE=1 SV=3	5	10724089.746495722	14.0	False	22.839210709443268	0	False	1	1
26	sp|P05750|RS3_YEAST	P05750	RS3_YEAST	RPS3	240	Saccharomyces cerevisiae (strain ATCC 204508 / S288c) OX=559292	1:Experimental evidence at protein level	40S ribosomal protein S3	1.0	0.999	4	4	4	4	4	4	4	60954090.0		P05750	P05750	False	P05750	False	26.49	sp|P05750|RS3_YEAST 40S ribosomal protein S3 OS=Saccharomyces cerevisiae (strain ATCC 204508 / S288c) OX=559292 GN=RPS3 PE=1 SV=5	16	27222362.48332108	28.7	False	25.86121969268209	0	False	1	1
27	sp|P05755|RS9B_YEAST	P05755	RS9B_YEAST	RPS9B	195	Saccharomyces cerevisiae (strain ATCC 204508 / S288c) OX=559292	1:Experimental evidence at protein level	40S ribosomal protein S9-B	0.9836	0.999	1	1	1	1	1	1	1	11385350.0		P05755	P05755	False	P05755	False	22.29	sp|P05755|RS9B_YEAST 40S ribosomal protein S9-B OS=Saccharomyces cerevisiae (strain ATCC 204508 / S288c) OX=559292 GN=RPS9B PE=1 SV=4	10	8135595.158900206	8.2	False	23.440675306630556	0	False	1	1
28	sp|P05756|RS13_YEAST	P05756	RS13_YEAST	RPS13	151	Saccharomyces cerevisiae (strain ATCC 204508 / S288c) OX=559292	1:Experimental evidence at protein level	40S ribosomal protein S13	0.9996	0.9972	2	2	2	2	2	2	2	14749416.0		P05756	P05756	False	P05756	False	17.02	sp|P05756|RS13_YEAST 40S ribosomal protein S13 OS=Saccharomyces cerevisiae (strain ATCC 204508 / S288c) OX=559292 GN=RPS13 PE=1 SV=3	9	11710495.154465582	9.3	False	23.81415449661255	0	False	1	1
29	sp|P05759|RS31_YEAST	P05759	RS31_YEAST	RPS31	152	Saccharomyces cerevisiae (strain ATCC 204508 / S288c) OX=559292	1:Experimental evidence at protein level	Ubiquitin-40S ribosomal protein S31	1.0	0.999	2	2	2	2	2	2	2	15835770.0		P05759	P05759	False	P05759	False	17.21	sp|P05759|RS31_YEAST Ubiquitin-40S ribosomal protein S31 OS=Saccharomyces cerevisiae (strain ATCC 204508 / S288c) OX=559292 GN=RPS31 PE=1 SV=3	6	18859530.558928378	11.2	False	23.91668368302528	0	False	1	1
30	sp|P06169|PDC1_YEAST	P06169	PDC1_YEAST	PDC1	563	Saccharomyces cerevisiae (strain ATCC 204508 / S288c) OX=559292	1:Experimental evidence at protein level	Pyruvate decarboxylase isozyme 1	1.0	0.999	11	16	9	16	16	9	16	176752720.0		P06169	P06169	False	P06169	False	61.46	sp|P06169|PDC1_YEAST Pyruvate decarboxylase isozyme 1 OS=Saccharomyces cerevisiae (strain ATCC 204508 / S288c) OX=559292 GN=PDC1 PE=1 SV=7	28	45107734.72534076	23.6	False	27.397157175549797	0	False	1	1
31	sp|P06367|RS14A_YEAST	P06367	RS14A_YEAST	RPS14A	137	Saccharomyces cerevisiae (strain ATCC 204508 / S288c) OX=559292	1:Experimental evidence at protein level	40S ribosomal protein S14-A	1.0	0.999	4	4	1	4	4	1	4	50932212.0		P06367	P06367	False	P06367	False	14.53	sp|P06367|RS14A_YEAST 40S ribosomal protein S14-A OS=Saccharomyces cerevisiae (strain ATCC 204508 / S288c) OX=559292 GN=RPS14A PE=1 SV=5	7	51992109.83278373	33.6	False	25.60207503945074	0	False	1	1
32	sp|P06782|SNF1_YEAST	P06782	SNF1_YEAST	SNF1	633	Saccharomyces cerevisiae (strain ATCC 204508 / S288c) OX=559292	1:Experimental evidence at protein level	Carbon catabolite-derepressing protein kinase	1.0	0.999	8	14	14	14	14	14	14	539574400.0		P06782	P06782	False	P06782	False	72.0	sp|P06782|SNF1_YEAST Carbon catabolite-derepressing protein kinase OS=Saccharomyces cerevisiae (strain ATCC 204508 / S288c) OX=559292 GN=SNF1 PE=1 SV=1	32	120488140.36531824	12.5	False	29.007246660629757	0	False	1	1
33	sp|P07260|IF4E_YEAST	P07260	IF4E_YEAST	CDC33	213	Saccharomyces cerevisiae (strain ATCC 204508 / S288c) OX=559292	1:Experimental evidence at protein level	Eukaryotic translation initiation factor 4E	1.0	0.999	2	2	2	2	2	2	2	14721132.0		P07260	P07260	False	P07260	False	24.24	sp|P07260|IF4E_YEAST Eukaryotic translation initiation factor 4E OS=Saccharomyces cerevisiae (strain ATCC 204508 / S288c) OX=559292 GN=CDC33 PE=1 SV=1	12	8766029.022144753	16.4	False	23.81138527772561	0	False	1	1
34	sp|P07280|RS19A_YEAST	P07280	RS19A_YEAST	RPS19A	144	Saccharomyces cerevisiae (strain ATCC 204508 / S288c) OX=559292	1:Experimental evidence at protein level	40S ribosomal protein S19-A	0.9785	0.9987	1	1	0	1	1	0	1	5722916.0	sp|P07281|RS19B_YEAST	P07280	P07280	False	P07280;P07281	False;False	15.91	sp|P07280|RS19A_YEAST 40S ribosomal protein S19-A OS=Saccharomyces cerevisiae (strain ATCC 204508 / S288c) OX=559292 GN=RPS19A PE=1 SV=2	9	4543785.332749008	6.2	False	22.448319000730923	0	False	1	1
35	sp|P09232|PRTB_YEAST	P09232	PRTB_YEAST	PRB1	635	Saccharomyces cerevisiae (strain ATCC 204508 / S288c) OX=559292	1:Experimental evidence at protein level	Cerevisin	0.9836	0.999	1	1	1	1	1	1	1	17169838.0		P09232	P09232	False	P09232	False	69.58	sp|P09232|PRTB_YEAST Cerevisin OS=Saccharomyces cerevisiae (strain ATCC 204508 / S288c) OX=559292 GN=PRB1 PE=1 SV=1	24	5112083.031845778	2.7	False	24.033373091571434	0	False	1	1
36	sp|P0C0T4|RS25B_YEAST	P0C0T4	RS25B_YEAST	RPS25B	108	Saccharomyces cerevisiae (strain ATCC 204508 / S288c) OX=559292	1:Experimental evidence at protein level	40S ribosomal protein S25-B	1.0	0.999	2	4	0	4	4	0	4	41174016.0	sp|Q3E792|RS25A_YEAST	P0C0T4	P0C0T4	False	P0C0T4;Q3E792	False;False	12.0	sp|P0C0T4|RS25B_YEAST 40S ribosomal protein S25-B OS=Saccharomyces cerevisiae (strain ATCC 204508 / S288c) OX=559292 GN=RPS25B PE=1 SV=1	4	73553980.60711345	25.0	False	25.295230836230356	0	False	1	1
37	sp|P0C0V8|RS21A_YEAST	P0C0V8	RS21A_YEAST	RPS21A	87	Saccharomyces cerevisiae (strain ATCC 204508 / S288c) OX=559292	1:Experimental evidence at protein level	40S ribosomal protein S21-A	1.0	0.999	3	4	0	4	4	0	4	39006130.0	sp|Q3E754|RS21B_YEAST	P0C0V8	P0C0V8	False	P0C0V8;Q3E754	False;False	9.74	sp|P0C0V8|RS21A_YEAST 40S ribosomal protein S21-A OS=Saccharomyces cerevisiae (strain ATCC 204508 / S288c) OX=559292 GN=RPS21A PE=1 SV=1	6	46454154.153573394	40.2	False	25.2171975324338	0	False	1	1
38	sp|P0C0W9|RL11A_YEAST	P0C0W9	RL11A_YEAST	RPL11A	174	Saccharomyces cerevisiae (strain ATCC 204508 / S288c) OX=559292	1:Experimental evidence at protein level	60S ribosomal protein L11-A	1.0	0.999	6	7	0	7	7	0	7	39882470.0	sp|Q3E757|RL11B_YEAST	P0C0W9	P0C0W9	False	P0C0W9;Q3E757	False;False	19.71	sp|P0C0W9|RL11A_YEAST 60S ribosomal protein L11-A OS=Saccharomyces cerevisiae (strain ATCC 204508 / S288c) OX=559292 GN=RPL11A PE=1 SV=2	9	31665217.90985616	30.5	False	25.24925142566286	0	False	1	1
39	sp|P0C2H8|RL31A_YEAST	P0C2H8	RL31A_YEAST	RPL31A	113	Saccharomyces cerevisiae (strain ATCC 204508 / S288c) OX=559292	1:Experimental evidence at protein level	60S ribosomal protein L31-A	1.0	0.999	11	24	6	24	24	6	24	1232391800.0		P0C2H8	P0C2H8	False	P0C2H8	False	12.95	sp|P0C2H8|RL31A_YEAST 60S ribosomal protein L31-A OS=Saccharomyces cerevisiae (strain ATCC 204508 / S288c) OX=559292 GN=RPL31A PE=1 SV=1	7	1258037837.0886786	78.8	False	30.198813842207507	0	False	1	1
40	sp|P0C2H9|RL31B_YEAST	P0C2H9	RL31B_YEAST	RPL31B	113	Saccharomyces cerevisiae (strain ATCC 204508 / S288c) OX=559292	1:Experimental evidence at protein level	60S ribosomal protein L31-B	0.9999	0.9986	11	3	3	21	3	3	21	8872076.0		P0C2H9	P0C2H9	False	P0C2H9	False	12.96	sp|P0C2H9|RL31B_YEAST 60S ribosomal protein L31-B OS=Saccharomyces cerevisiae (strain ATCC 204508 / S288c) OX=559292 GN=RPL31B PE=1 SV=1	7	9056703.640454583	8.0	False	23.08084029329466	0	False	1	1
41	sp|P0CF20|YO163_YEAST	P0CF20	YO163_YEAST	YOL163W	169	Saccharomyces cerevisiae (strain ATCC 204508 / S288c) OX=559292	5:Protein uncertain	Putative uncharacterized transporter YOL163W	0.7508	0.9804	1	1	1	1	1	1	1	0.0		P0CF20	P0CF20	False	P0CF20	False	19.45	sp|P0CF20|YO163_YEAST Putative uncharacterized transporter YOL163W OS=Saccharomyces cerevisiae (strain ATCC 204508 / S288c) OX=559292 GN=YOL163W PE=5 SV=1	7	0.0	4.1	False		1	True	0	0
42	sp|P0CX23|RL20A_YEAST	P0CX23	RL20A_YEAST	RPL20A	172	Saccharomyces cerevisiae (strain ATCC 204508 / S288c) OX=559292	1:Experimental evidence at protein level	60S ribosomal protein L20-A	1.0	0.999	5	7	0	7	7	0	7	98992940.0	sp|P0CX24|RL20B_YEAST	P0CX23	P0CX23	False	P0CX23;P0CX24	False;False	20.42	sp|P0CX23|RL20A_YEAST 60S ribosomal protein L20-A OS=Saccharomyces cerevisiae (strain ATCC 204508 / S288c) OX=559292 GN=RPL20A PE=1 SV=1	8	88421357.64703089	33.1	False	26.560822302634257	0	False	1	1
43	sp|P0CX25|RL43A_YEAST	P0CX25	RL43A_YEAST	RPL43A	92	Saccharomyces cerevisiae (strain ATCC 204508 / S288c) OX=559292	1:Experimental evidence at protein level	60S ribosomal protein L43-A	1.0	0.999	2	3	0	3	3	0	3	7096108.5	sp|P0CX26|RL43B_YEAST	P0CX25	P0CX25	False	P0CX25;P0CX26	False;False	10.08	sp|P0CX25|RL43A_YEAST 60S ribosomal protein L43-A OS=Saccharomyces cerevisiae (strain ATCC 204508 / S288c) OX=559292 GN=RPL43A PE=1 SV=1	4	12676612.040831113	17.4	False	22.758596638040835	0	False	1	1
44	sp|P0CX27|RL44A_YEAST	P0CX27	RL44A_YEAST	RPL42A	106	Saccharomyces cerevisiae (strain ATCC 204508 / S288c) OX=559292	1:Experimental evidence at protein level	60S ribosomal protein L42-A	0.8638	0.9906	1	1	0	1	1	0	1	10311500.0	sp|P0CX28|RL44B_YEAST	P0CX27	P0CX27	False	P0CX27;P0CX28	False;False	12.2	sp|P0CX27|RL44A_YEAST 60S ribosomal protein L42-A OS=Saccharomyces cerevisiae (strain ATCC 204508 / S288c) OX=559292 GN=RPL42A PE=1 SV=1	3	24560858.026908696	6.6	False	23.297750879085697	0	False	1	1
45	sp|P0CX29|RS23A_YEAST	P0CX29	RS23A_YEAST	RPS23A	145	Saccharomyces cerevisiae (strain ATCC 204508 / S288c) OX=559292	1:Experimental evidence at protein level	40S ribosomal protein S23-A	0.9972	0.9912	2	2	0	2	2	0	2	38815770.0	sp|P0CX30|RS23B_YEAST	P0CX29	P0CX29	False	P0CX29;P0CX30	False;False	16.03	sp|P0CX29|RS23A_YEAST 40S ribosomal protein S23-A OS=Saccharomyces cerevisiae (strain ATCC 204508 / S288c) OX=559292 GN=RPS23A PE=1 SV=1	7	39623525.031350926	12.4	False	25.210139571224207	0	False	1	1
46	sp|P0CX31|RS24A_YEAST	P0CX31	RS24A_YEAST	RPS24A	135	Saccharomyces cerevisiae (strain ATCC 204508 / S288c) OX=559292	1:Experimental evidence at protein level	40S ribosomal protein S24-A	1.0	0.999	9	10	0	10	10	0	10	72454010.0	sp|P0CX32|RS24B_YEAST	P0CX31	P0CX31	False	P0CX31;P0CX32	False;False	15.32	sp|P0CX31|RS24A_YEAST 40S ribosomal protein S24-A OS=Saccharomyces cerevisiae (strain ATCC 204508 / S288c) OX=559292 GN=RPS24A PE=1 SV=1	6	86288738.45173946	48.9	False	26.110562202813874	0	False	1	1
47	sp|P0CX33|RS30A_YEAST	P0CX33	RS30A_YEAST	RPS30A	63	Saccharomyces cerevisiae (strain ATCC 204508 / S288c) OX=559292	1:Experimental evidence at protein level	40S ribosomal protein S30-A	1.0	0.9984	3	4	0	4	4	0	4	24909490.0	sp|P0CX34|RS30B_YEAST	P0CX33	P0CX33	False	P0CX33;P0CX34	False;False	7.11	sp|P0CX33|RS30A_YEAST 40S ribosomal protein S30-A OS=Saccharomyces cerevisiae (strain ATCC 204508 / S288c) OX=559292 GN=RPS30A PE=1 SV=1	3	59331663.42556387	28.6	False	24.57019214817475	0	False	1	1
48	sp|P0CX35|RS4A_YEAST	P0CX35	RS4A_YEAST	RPS4A	261	Saccharomyces cerevisiae (strain ATCC 204508 / S288c) OX=559292	1:Experimental evidence at protein level	40S ribosomal protein S4-A	1.0	0.999	4	4	0	4	4	0	4	12641507.0	sp|P0CX36|RS4B_YEAST	P0CX35	P0CX35	False	P0CX35;P0CX36	False;False	29.39	sp|P0CX35|RS4A_YEAST 40S ribosomal protein S4-A OS=Saccharomyces cerevisiae (strain ATCC 204508 / S288c) OX=559292 GN=RPS4A PE=1 SV=1	16	5645752.170025684	6.9	False	23.591665122333456	0	False	1	1
49	sp|P0CX37|RS6A_YEAST	P0CX37	RS6A_YEAST	RPS6A	236	Saccharomyces cerevisiae (strain ATCC 204508 / S288c) OX=559292	1:Experimental evidence at protein level	40S ribosomal protein S6-A	1.0	0.999	4	5	0	5	5	0	5	68429160.0	sp|P0CX38|RS6B_YEAST	P0CX37	P0CX37	False	P0CX37;P0CX38	False;False	26.98	sp|P0CX37|RS6A_YEAST 40S ribosomal protein S6-A OS=Saccharomyces cerevisiae (strain ATCC 204508 / S288c) OX=559292 GN=RPS6A PE=1 SV=1	8	61121522.705012105	17.4	False	26.02810790193387	0	False	1	1
50	sp|P0CX39|RS8A_YEAST	P0CX39	RS8A_YEAST	RPS8A	200	Saccharomyces cerevisiae (strain ATCC 204508 / S288c) OX=559292	1:Experimental evidence at protein level	40S ribosomal protein S8-A	1.0	0.999	5	5	0	5	5	0	5	23721434.0	sp|P0CX40|RS8B_YEAST	P0CX39	P0CX39	False	P0CX39;P0CX40	False;False	22.48	sp|P0CX39|RS8A_YEAST 40S ribosomal protein S8-A OS=Saccharomyces cerevisiae (strain ATCC 204508 / S288c) OX=559292 GN=RPS8A PE=1 SV=1	8	21188191.800490405	25.5	False	24.499687890037926	0	False	1	1
51	sp|P0CX41|RL23A_YEAST	P0CX41	RL23A_YEAST	RPL23A	137	Saccharomyces cerevisiae (strain ATCC 204508 / S288c) OX=559292	1:Experimental evidence at protein level	60S ribosomal protein L23-A	0.9836	0.999	1	1	0	1	1	0	1	1593765.6	sp|P0CX42|RL23B_YEAST	P0CX41	P0CX41	False	P0CX41;P0CX42	False;False	14.46	sp|P0CX41|RL23A_YEAST 60S ribosomal protein L23-A OS=Saccharomyces cerevisiae (strain ATCC 204508 / S288c) OX=559292 GN=RPL23A PE=1 SV=1	9	1265391.4118466747	14.6	False	20.604008032665075	0	False	1	1
52	sp|P0CX45|RL2A_YEAST	P0CX45	RL2A_YEAST	RPL2A	254	Saccharomyces cerevisiae (strain ATCC 204508 / S288c) OX=559292	1:Experimental evidence at protein level	60S ribosomal protein L2-A	1.0	0.999	13	16	0	16	16	0	16	162376000.0	sp|P0CX46|RL2B_YEAST	P0CX45	P0CX45	False	P0CX45;P0CX46	False;False	27.39	sp|P0CX45|RL2A_YEAST 60S ribosomal protein L2-A OS=Saccharomyces cerevisiae (strain ATCC 204508 / S288c) OX=559292 GN=RPL2A PE=1 SV=1	11	105480479.86080836	54.7	False	27.274763169702606	0	False	1	1
53	sp|P0CX47|RS11A_YEAST	P0CX47	RS11A_YEAST	RPS11A	156	Saccharomyces cerevisiae (strain ATCC 204508 / S288c) OX=559292	1:Experimental evidence at protein level	40S ribosomal protein S11-A	1.0	0.9989	2	2	0	2	2	0	2	3685261.8	sp|P0CX48|RS11B_YEAST	P0CX47	P0CX47	False	P0CX47;P0CX48	False;False	17.74	sp|P0CX47|RS11A_YEAST 40S ribosomal protein S11-A OS=Saccharomyces cerevisiae (strain ATCC 204508 / S288c) OX=559292 GN=RPS11A PE=1 SV=1	10	2633366.392720457	13.5	False	21.81333568094998	0	False	1	1
54	sp|P0CX49|RL18A_YEAST	P0CX49	RL18A_YEAST	RPL18A	186	Saccharomyces cerevisiae (strain ATCC 204508 / S288c) OX=559292	1:Experimental evidence at protein level	60S ribosomal protein L18-A	1.0	0.999	4	4	0	4	4	0	4	35380028.0	sp|P0CX50|RL18B_YEAST	P0CX49	P0CX49	False	P0CX49;P0CX50	False;False	20.55	sp|P0CX49|RL18A_YEAST 60S ribosomal protein L18-A OS=Saccharomyces cerevisiae (strain ATCC 204508 / S288c) OX=559292 GN=RPL18A PE=1 SV=1	11	22983090.671828568	17.7	False	25.07643185399924	0	False	1	1
55	sp|P0CX51|RS16A_YEAST	P0CX51	RS16A_YEAST	RPS16A	143	Saccharomyces cerevisiae (strain ATCC 204508 / S288c) OX=559292	1:Experimental evidence at protein level	40S ribosomal protein S16-A	1.0	0.999	6	8	0	8	8	0	8	44474824.0	sp|P0CX52|RS16B_YEAST	P0CX51	P0CX51	False	P0CX51;P0CX52	False;False	15.84	sp|P0CX51|RS16A_YEAST 40S ribosomal protein S16-A OS=Saccharomyces cerevisiae (strain ATCC 204508 / S288c) OX=559292 GN=RPS16A PE=1 SV=1	10	31780240.644981377	38.5	False	25.406485560545352	0	False	1	1
56	sp|P0CX53|RL12A_YEAST	P0CX53	RL12A_YEAST	RPL12A	165	Saccharomyces cerevisiae (strain ATCC 204508 / S288c) OX=559292	1:Experimental evidence at protein level	60S ribosomal protein L12-A	1.0	0.999	2	2	0	2	2	0	2	16335656.0	sp|P0CX54|RL12B_YEAST	P0CX53	P0CX53	False	P0CX53;P0CX54	False;False	17.81	sp|P0CX53|RL12A_YEAST 60S ribosomal protein L12-A OS=Saccharomyces cerevisiae (strain ATCC 204508 / S288c) OX=559292 GN=RPL12A PE=1 SV=1	9	12969911.516023185	19.4	False	23.961521055255883	0	False	1	1
57	sp|P0CX55|RS18A_YEAST	P0CX55	RS18A_YEAST	RPS18A	146	Saccharomyces cerevisiae (strain ATCC 204508 / S288c) OX=559292	1:Experimental evidence at protein level	40S ribosomal protein S18-A	1.0	0.999	5	5	0	5	5	0	5	27787492.0	sp|P0CX56|RS18B_YEAST	P0CX55	P0CX55	False	P0CX55;P0CX56	False;False	17.03	sp|P0CX55|RS18A_YEAST 40S ribosomal protein S18-A OS=Saccharomyces cerevisiae (strain ATCC 204508 / S288c) OX=559292 GN=RPS18A PE=1 SV=1	10	19856024.223513395	35.6	False	24.727932292112943	0	False	1	1
58	sp|P0CX82|RL19A_YEAST	P0CX82	RL19A_YEAST	RPL19A	189	Saccharomyces cerevisiae (strain ATCC 204508 / S288c) OX=559292	1:Experimental evidence at protein level	60S ribosomal protein L19-A	1.0	0.999	13	15	0	15	15	0	15	319804450.0	sp|P0CX83|RL19B_YEAST	P0CX82	P0CX82	False	P0CX82;P0CX83	False;False	21.69	sp|P0CX82|RL19A_YEAST 60S ribosomal protein L19-A OS=Saccharomyces cerevisiae (strain ATCC 204508 / S288c) OX=559292 GN=RPL19A PE=1 SV=1	7	326459571.1926471	41.8	False	28.252614772802275	0	False	1	1
59	sp|P0CX84|RL35A_YEAST	P0CX84	RL35A_YEAST	RPL35A	120	Saccharomyces cerevisiae (strain ATCC 204508 / S288c) OX=559292	1:Experimental evidence at protein level	60S ribosomal protein L35-A	1.0	0.999	5	6	0	6	6	0	6	99075320.0	sp|P0CX85|RL35B_YEAST	P0CX84	P0CX84	False	P0CX84;P0CX85	False;False	13.9	sp|P0CX84|RL35A_YEAST 60S ribosomal protein L35-A OS=Saccharomyces cerevisiae (strain ATCC 204508 / S288c) OX=559292 GN=RPL35A PE=1 SV=1	4	176989880.363469	48.3	False	26.56202238612387	0	False	1	1
60	sp|P10081|IF4A_YEAST	P10081	IF4A_YEAST	TIF2	395	Saccharomyces cerevisiae (strain ATCC 204508 / S288c) OX=559292	1:Experimental evidence at protein level	ATP-dependent RNA helicase eIF4A	1.0	0.999	3	3	3	3	3	3	3	10760718.0		P10081	P10081	False	P10081	False	44.67	sp|P10081|IF4A_YEAST ATP-dependent RNA helicase eIF4A OS=Saccharomyces cerevisiae (strain ATCC 204508 / S288c) OX=559292 GN=TIF2 PE=1 SV=3	21	3661549.408297267	9.1	False	23.359271007949967	0	False	1	1
61	sp|P10591|HSP71_YEAST	P10591	HSP71_YEAST	SSA1	642	Saccharomyces cerevisiae (strain ATCC 204508 / S288c) OX=559292	1:Experimental evidence at protein level	Heat shock protein SSA1	1.0	0.999	13	14	3	14	14	3	14	118592000.0		P10591	P10591	False	P10591	False	69.61	sp|P10591|HSP71_YEAST Heat shock protein SSA1 OS=Saccharomyces cerevisiae (strain ATCC 204508 / S288c) OX=559292 GN=SSA1 PE=1 SV=4	35	24211979.205966897	24.0	False	26.821431450689353	0	False	1	1
62	sp|P10592|HSP72_YEAST	P10592	HSP72_YEAST	SSA2	639	Saccharomyces cerevisiae (strain ATCC 204508 / S288c) OX=559292	1:Experimental evidence at protein level	Heat shock protein SSA2	1.0	0.9989	13	2	2	13	2	2	13	39352704.0		P10592	P10592	False	P10592	False	69.43	sp|P10592|HSP72_YEAST Heat shock protein SSA2 OS=Saccharomyces cerevisiae (strain ATCC 204508 / S288c) OX=559292 GN=SSA2 PE=1 SV=3	36	7811150.785683962	4.4	False	25.229959433701943	0	False	1	1
63	sp|P10659|METK1_YEAST	P10659	METK1_YEAST	SAM1	382	Saccharomyces cerevisiae (strain ATCC 204508 / S288c) OX=559292	1:Experimental evidence at protein level	S-adenosylmethionine synthase 1	0.9832	0.999	1	1	0	1	1	0	1	5453756.0	sp|P19358|METK2_YEAST	P10659	P10659	False	P10659;P19358	False;False	41.79	sp|P10659|METK1_YEAST S-adenosylmethionine synthase 1 OS=Saccharomyces cerevisiae (strain ATCC 204508 / S288c) OX=559292 GN=SAM1 PE=1 SV=2	20	1948536.9756495387	3.9	False	22.378818725121086	0	False	1	1
64	sp|P10664|RL4A_YEAST	P10664	RL4A_YEAST	RPL4A	362	Saccharomyces cerevisiae (strain ATCC 204508 / S288c) OX=559292	1:Experimental evidence at protein level	60S ribosomal protein L4-A	1.0	0.999	5	5	1	5	5	1	5	32249120.0		P10664	P10664	False	P10664	False	39.07	sp|P10664|RL4A_YEAST 60S ribosomal protein L4-A OS=Saccharomyces cerevisiae (strain ATCC 204508 / S288c) OX=559292 GN=RPL4A PE=1 SV=4	18	12802309.037041843	23.8	False	24.942756457647967	0	False	1	1
65	sp|P11484|SSB1_YEAST	P11484	SSB1_YEAST	SSB1	613	Saccharomyces cerevisiae (strain ATCC 204508 / S288c) OX=559292	1:Experimental evidence at protein level	Ribosome-associated molecular chaperone SSB1	1.0	0.999	14	15	1	15	15	1	15	116534250.0		P11484	P11484	False	P11484	False	66.56	sp|P11484|SSB1_YEAST Ribosome-associated molecular chaperone SSB1 OS=Saccharomyces cerevisiae (strain ATCC 204508 / S288c) OX=559292 GN=SSB1 PE=1 SV=3	30	27757175.67300863	23.7	False	26.79617879160229	0	False	1	1
66	sp|P12962|CAF20_YEAST	P12962	CAF20_YEAST	CAF20	161	Saccharomyces cerevisiae (strain ATCC 204508 / S288c) OX=559292	1:Experimental evidence at protein level	Cap-associated protein CAF20	1.0	0.999	4	10	10	10	10	10	10	262528050.0		P12962	P12962	False	P12962	False	18.21	sp|P12962|CAF20_YEAST Cap-associated protein CAF20 OS=Saccharomyces cerevisiae (strain ATCC 204508 / S288c) OX=559292 GN=CAF20 PE=1 SV=2	7	267991250.99429294	34.8	False	27.96789633591166	0	False	1	1
67	sp|P14126|RL3_YEAST	P14126	RL3_YEAST	RPL3	387	Saccharomyces cerevisiae (strain ATCC 204508 / S288c) OX=559292	1:Experimental evidence at protein level	60S ribosomal protein L3	1.0	0.999	10	10	10	10	10	10	10	68024900.0		P14126	P14126	False	P14126	False	43.73	sp|P14126|RL3_YEAST 60S ribosomal protein L3 OS=Saccharomyces cerevisiae (strain ATCC 204508 / S288c) OX=559292 GN=RPL3 PE=1 SV=4	20	24304173.658458926	23.0	False	26.019559594854293	0	False	1	1
68	sp|P14540|ALF_YEAST	P14540	ALF_YEAST	FBA1	359	Saccharomyces cerevisiae (strain ATCC 204508 / S288c) OX=559292	1:Experimental evidence at protein level	Fructose-bisphosphate aldolase	1.0	0.999	7	8	8	8	8	8	8	93660810.0		P14540	P14540	False	P14540	False	39.6	sp|P14540|ALF_YEAST Fructose-bisphosphate aldolase OS=Saccharomyces cerevisiae (strain ATCC 204508 / S288c) OX=559292 GN=FBA1 PE=1 SV=3	16	41829326.30610126	25.3	False	26.480942179057504	0	False	1	1
69	sp|P14832|CYPH_YEAST	P14832	CYPH_YEAST	CPR1	162	Saccharomyces cerevisiae (strain ATCC 204508 / S288c) OX=559292	1:Experimental evidence at protein level	Peptidyl-prolyl cis-trans isomerase	0.9999	0.9987	2	2	2	2	2	2	2	16655657.0		P14832	P14832	False	P14832	False	17.38	sp|P14832|CYPH_YEAST Peptidyl-prolyl cis-trans isomerase OS=Saccharomyces cerevisiae (strain ATCC 204508 / S288c) OX=559292 GN=CPR1 PE=1 SV=3	8	14876978.1404944	13.6	False	23.989508927977457	0	False	1	1
70	sp|P15019|TAL1_YEAST	P15019	TAL1_YEAST	TAL1	335	Saccharomyces cerevisiae (strain ATCC 204508 / S288c) OX=559292	1:Experimental evidence at protein level	Transaldolase	0.9836	0.999	1	1	1	1	1	1	1	1866691.8		P15019	P15019	False	P15019	False	37.01	sp|P15019|TAL1_YEAST Transaldolase OS=Saccharomyces cerevisiae (strain ATCC 204508 / S288c) OX=559292 GN=TAL1 PE=1 SV=4	19	702040.1689446578	5.4	False	20.83205232050072	0	False	1	1
71	sp|P15108|HSC82_YEAST	P15108	HSC82_YEAST	HSC82	705	Saccharomyces cerevisiae (strain ATCC 204508 / S288c) OX=559292	1:Experimental evidence at protein level	ATP-dependent molecular chaperone HSC82	1.0	0.999	11	11	2	11	11	2	11	52515396.0		P15108	P15108	False	P15108	False	80.85	sp|P15108|HSC82_YEAST ATP-dependent molecular chaperone HSC82 OS=Saccharomyces cerevisiae (strain ATCC 204508 / S288c) OX=559292 GN=HSC82 PE=1 SV=4	37	10142099.43017876	15.2	False	25.64623710559242	0	False	1	1
72	sp|P15646|FBRL_YEAST	P15646	FBRL_YEAST	NOP1	327	Saccharomyces cerevisiae (strain ATCC 204508 / S288c) OX=559292	1:Experimental evidence at protein level	rRNA 2'-O-methyltransferase fibrillarin	0.9775	0.9986	1	1	1	1	1	1	1	5142022.0		P15646	P15646	False	P15646	False	34.44	sp|P15646|FBRL_YEAST rRNA 2'-O-methyltransferase fibrillarin OS=Saccharomyces cerevisiae (strain ATCC 204508 / S288c) OX=559292 GN=NOP1 PE=1 SV=1	16	2296449.455339447	2.8	False	22.293904352040084	0	False	1	1
73	sp|P16521|EF3A_YEAST	P16521	EF3A_YEAST	YEF3	1044	Saccharomyces cerevisiae (strain ATCC 204508 / S288c) OX=559292	1:Experimental evidence at protein level	Elongation factor 3A	1.0	0.999	6	6	4	6	6	4	6	14147789.0		P16521	P16521	False	P16521	False	115.87	sp|P16521|EF3A_YEAST Elongation factor 3A OS=Saccharomyces cerevisiae (strain ATCC 204508 / S288c) OX=559292 GN=YEF3 PE=1 SV=4	49	2063172.0103886023	5.2	False	23.754073272182374	0	False	1	1
74	sp|P19097|FAS2_YEAST	P19097	FAS2_YEAST	FAS2	1887	Saccharomyces cerevisiae (strain ATCC 204508 / S288c) OX=559292	1:Experimental evidence at protein level	Fatty acid synthase subunit alpha	0.9971	0.9986	2	2	2	2	2	2	2	4471056.0		P19097	P19097	False	P19097	False	206.82	sp|P19097|FAS2_YEAST Fatty acid synthase subunit alpha OS=Saccharomyces cerevisiae (strain ATCC 204508 / S288c) OX=559292 GN=FAS2 PE=1 SV=2	104	307198.9404465094	1.4	False	22.092184185080892	0	False	1	1
75	sp|P19211|IF5A2_YEAST	P19211	IF5A2_YEAST	ANB1	157	Saccharomyces cerevisiae (strain ATCC 204508 / S288c) OX=559292	1:Experimental evidence at protein level	Eukaryotic translation initiation factor 5A-2	0.9828	0.9905	2	2	0	2	2	0	2	19746546.0	sp|P23301|IF5A1_YEAST	P19211	P19211	False	P19211;P23301	False;False	17.12	sp|P19211|IF5A2_YEAST Eukaryotic translation initiation factor 5A-2 OS=Saccharomyces cerevisiae (strain ATCC 204508 / S288c) OX=559292 GN=ANB1 PE=1 SV=3	8	17637787.160978828	9.6	False	24.235096988161697	0	False	1	1
76	sp|P22146|GAS1_YEAST	P22146	GAS1_YEAST	GAS1	559	Saccharomyces cerevisiae (strain ATCC 204508 / S288c) OX=559292	1:Experimental evidence at protein level	1,3-beta-glucanosyltransferase GAS1	0.8364	0.9884	1	1	1	1	1	1	1	798109.56		P22146	P22146	False	P22146	False	59.54	sp|P22146|GAS1_YEAST 1,3-beta-glucanosyltransferase GAS1 OS=Saccharomyces cerevisiae (strain ATCC 204508 / S288c) OX=559292 GN=GAS1 PE=1 SV=2	22	259228.5170539323	1.4	False	19.606227279555203	0	False	1	1
77	sp|P22803|TRX2_YEAST	P22803	TRX2_YEAST	TRX2	104	Saccharomyces cerevisiae (strain ATCC 204508 / S288c) OX=559292	1:Experimental evidence at protein level	Thioredoxin-2	1.0	0.999	7	14	6	14	14	6	14	609958140.0		P22803	P22803	False	P22803	False	11.2	sp|P22803|TRX2_YEAST Thioredoxin-2 OS=Saccharomyces cerevisiae (strain ATCC 204508 / S288c) OX=559292 GN=TRX2 PE=1 SV=3	8	544819932.0745271	62.5	False	29.184134996386526	0	False	1	1
78	sp|P23248|RS3A2_YEAST	P23248	RS3A2_YEAST	RPS1B	255	Saccharomyces cerevisiae (strain ATCC 204508 / S288c) OX=559292	1:Experimental evidence at protein level	40S ribosomal protein S1-B	1.0	0.999	7	8	1	8	8	1	8	60878656.0		P23248	P23248	False	P23248	False	28.79	sp|P23248|RS3A2_YEAST 40S ribosomal protein S1-B OS=Saccharomyces cerevisiae (strain ATCC 204508 / S288c) OX=559292 GN=RPS1B PE=1 SV=3	17	25589339.604582205	24.7	False	25.859433173454804	0	False	1	1
79	sp|P25443|RS2_YEAST	P25443	RS2_YEAST	RPS2	254	Saccharomyces cerevisiae (strain ATCC 204508 / S288c) OX=559292	1:Experimental evidence at protein level	40S ribosomal protein S2	1.0	0.999	2	2	2	2	2	2	2	7372867.0		P25443	P25443	False	P25443	False	27.43	sp|P25443|RS2_YEAST 40S ribosomal protein S2 OS=Saccharomyces cerevisiae (strain ATCC 204508 / S288c) OX=559292 GN=RPS2 PE=1 SV=3	13	4052621.0013080295	6.7	False	22.813794301586036	0	False	1	1
80	sp|P25567|SRO9_YEAST	P25567	SRO9_YEAST	SRO9	434	Saccharomyces cerevisiae (strain ATCC 204508 / S288c) OX=559292	1:Experimental evidence at protein level	RNA-binding protein SRO9	1.0	0.999	23	76	76	76	76	76	76	4215564800.0		P25567	P25567	False	P25567	False	48.03	sp|P25567|SRO9_YEAST RNA-binding protein SRO9 OS=Saccharomyces cerevisiae (strain ATCC 204508 / S288c) OX=559292 GN=SRO9 PE=1 SV=2	21	1434430193.1412745	52.8	False	31.973078789915434	0	False	1	1
81	sp|P25694|CDC48_YEAST	P25694	CDC48_YEAST	CDC48	835	Saccharomyces cerevisiae (strain ATCC 204508 / S288c) OX=559292	1:Experimental evidence at protein level	Cell division control protein 48	0.8265	0.9875	1	1	1	1	1	1	1	672062.2		P25694	P25694	False	P25694	False	91.94	sp|P25694|CDC48_YEAST Cell division control protein 48 OS=Saccharomyces cerevisiae (strain ATCC 204508 / S288c) OX=559292 GN=CDC48 PE=1 SV=3	45	106718.54582716331	1.0	False	19.35823523642724	0	False	1	1
82	sp|P26321|RL5_YEAST	P26321	RL5_YEAST	RPL5	297	Saccharomyces cerevisiae (strain ATCC 204508 / S288c) OX=559292	1:Experimental evidence at protein level	60S ribosomal protein L5	0.9999	0.999	2	2	2	2	2	2	2	3677767.0		P26321	P26321	False	P26321	False	33.69	sp|P26321|RL5_YEAST 60S ribosomal protein L5 OS=Saccharomyces cerevisiae (strain ATCC 204508 / S288c) OX=559292 GN=RPL5 PE=1 SV=4	12	2190009.0467693815	6.4	False	21.810398651958092	0	False	1	1
83	sp|P26784|RL16A_YEAST	P26784	RL16A_YEAST	RPL16A	199	Saccharomyces cerevisiae (strain ATCC 204508 / S288c) OX=559292	1:Experimental evidence at protein level	60S ribosomal protein L16-A	0.9611	0.9976	1	1	0	1	1	0	1	742502.4	sp|P26785|RL16B_YEAST	P26784	P26784	False	P26784;P26785	False;False	22.19	sp|P26784|RL16A_YEAST 60S ribosomal protein L16-A OS=Saccharomyces cerevisiae (strain ATCC 204508 / S288c) OX=559292 GN=RPL16A PE=1 SV=3	11	482334.27014954103	3.5	False	19.502036163599378	0	False	1	1
84	sp|P26786|RS7A_YEAST	P26786	RS7A_YEAST	RPS7A	190	Saccharomyces cerevisiae (strain ATCC 204508 / S288c) OX=559292	1:Experimental evidence at protein level	40S ribosomal protein S7-A	0.9834	0.999	1	1	1	1	1	1	1	0.0		P26786	P26786	False	P26786	False	21.61	sp|P26786|RS7A_YEAST 40S ribosomal protein S7-A OS=Saccharomyces cerevisiae (strain ATCC 204508 / S288c) OX=559292 GN=RPS7A PE=1 SV=4	11	0.0	5.8	False		1	True	0	0
85	sp|P27476|NSR1_YEAST	P27476	NSR1_YEAST	NSR1	414	Saccharomyces cerevisiae (strain ATCC 204508 / S288c) OX=559292	1:Experimental evidence at protein level	Nuclear localization sequence-binding protein	1.0	0.999	34	101	101	101	101	101	101	5539779600.0		P27476	P27476	False	P27476	False	44.51	sp|P27476|NSR1_YEAST Nuclear localization sequence-binding protein OS=Saccharomyces cerevisiae (strain ATCC 204508 / S288c) OX=559292 GN=NSR1 PE=1 SV=1	20	1979271787.654052	47.8	False	32.36718143381449	0	False	1	1
86	sp|P27882|ERV1_YEAST	P27882	ERV1_YEAST	ERV1	189	Saccharomyces cerevisiae (strain ATCC 204508 / S288c) OX=559292	1:Experimental evidence at protein level	Mitochondrial FAD-linked sulfhydryl oxidase ERV1	1.0	0.999	10	16	16	16	16	16	16	506075260.0		P27882	P27882	False	P27882	False	21.63	sp|P27882|ERV1_YEAST Mitochondrial FAD-linked sulfhydryl oxidase ERV1 OS=Saccharomyces cerevisiae (strain ATCC 204508 / S288c) OX=559292 GN=ERV1 PE=1 SV=2	11	328749699.8970498	62.4	False	28.914776707565817	0	False	1	1
87	sp|P28707|SBA1_YEAST	P28707	SBA1_YEAST	SBA1	216	Saccharomyces cerevisiae (strain ATCC 204508 / S288c) OX=559292	1:Experimental evidence at protein level	Co-chaperone protein SBA1	0.9836	0.999	1	1	1	1	1	1	1	2405471.0		P28707	P28707	False	P28707	False	24.07	sp|P28707|SBA1_YEAST Co-chaperone protein SBA1 OS=Saccharomyces cerevisiae (strain ATCC 204508 / S288c) OX=559292 GN=SBA1 PE=1 SV=3	8	2148587.6831273125	6.5	False	21.197887975932677	0	False	1	1
88	sp|P29311|BMH1_YEAST	P29311	BMH1_YEAST	BMH1	267	Saccharomyces cerevisiae (strain ATCC 204508 / S288c) OX=559292	1:Experimental evidence at protein level	Protein BMH1	1.0	0.999	3	3	1	3	3	1	3	36557356.0		P29311	P29311	False	P29311	False	30.07	sp|P29311|BMH1_YEAST Protein BMH1 OS=Saccharomyces cerevisiae (strain ATCC 204508 / S288c) OX=559292 GN=BMH1 PE=1 SV=4	15	17415119.63448885	16.5	False	25.123658395886906	0	False	1	1
89	sp|P29453|RL8B_YEAST	P29453	RL8B_YEAST	RPL8B	256	Saccharomyces cerevisiae (strain ATCC 204508 / S288c) OX=559292	1:Experimental evidence at protein level	60S ribosomal protein L8-B	1.0	0.999	8	9	1	9	9	1	9	33050926.0		P29453	P29453	False	P29453	False	28.09	sp|P29453|RL8B_YEAST 60S ribosomal protein L8-B OS=Saccharomyces cerevisiae (strain ATCC 204508 / S288c) OX=559292 GN=RPL8B PE=1 SV=3	15	15744733.5721062	32.0	False	24.978187357030524	0	False	1	1
90	sp|P32324|EF2_YEAST	P32324	EF2_YEAST	EFT2	842	Saccharomyces cerevisiae (strain ATCC 204508 / S288c) OX=559292	1:Experimental evidence at protein level	Elongation factor 2	1.0	0.999	5	6	6	6	6	6	6	23829418.0		P32324	P32324	False	P32324	False	93.23	sp|P32324|EF2_YEAST Elongation factor 2 OS=Saccharomyces cerevisiae (strain ATCC 204508 / S288c) OX=559292 GN=EFT2 PE=1 SV=1	46	3701677.2263251618	7.2	False	24.506240380373907	0	False	1	1
91	sp|P32495|NHP2_YEAST	P32495	NHP2_YEAST	NHP2	156	Saccharomyces cerevisiae (strain ATCC 204508 / S288c) OX=559292	1:Experimental evidence at protein level	H/ACA ribonucleoprotein complex subunit NHP2	0.981	0.9988	1	1	1	1	1	1	1	7136950.0		P32495	P32495	False	P32495	False	17.11	sp|P32495|NHP2_YEAST H/ACA ribonucleoprotein complex subunit NHP2 OS=Saccharomyces cerevisiae (strain ATCC 204508 / S288c) OX=559292 GN=NHP2 PE=1 SV=2	5	10199657.607243137	5.1	False	22.766876234619822	0	False	1	1
92	sp|P32527|ZUO1_YEAST	P32527	ZUO1_YEAST	ZUO1	433	Saccharomyces cerevisiae (strain ATCC 204508 / S288c) OX=559292	1:Experimental evidence at protein level	Zuotin	0.9815	0.9989	1	1	1	1	1	1	1	919867.0		P32527	P32527	False	P32527	False	48.99	sp|P32527|ZUO1_YEAST Zuotin OS=Saccharomyces cerevisiae (strain ATCC 204508 / S288c) OX=559292 GN=ZUO1 PE=1 SV=1	20	328653.29181940196	2.5	False	19.811065757007277	0	False	1	1
93	sp|P32583|SRP40_YEAST	P32583	SRP40_YEAST	SRP40	406	Saccharomyces cerevisiae (strain ATCC 204508 / S288c) OX=559292	1:Experimental evidence at protein level	Suppressor protein SRP40	1.0	0.999	13	22	22	22	22	22	22	3610640400.0		P32583	P32583	False	P32583	False	40.99	sp|P32583|SRP40_YEAST Suppressor protein SRP40 OS=Saccharomyces cerevisiae (strain ATCC 204508 / S288c) OX=559292 GN=SRP40 PE=1 SV=2	7	3685777720.462763	21.2	False	31.749607596906344	0	False	1	1
94	sp|P32589|HSP7F_YEAST	P32589	HSP7F_YEAST	SSE1	693	Saccharomyces cerevisiae (strain ATCC 204508 / S288c) OX=559292	1:Experimental evidence at protein level	Heat shock protein homolog SSE1	0.9411	0.9963	1	1	1	1	1	1	1	432751.03		P32589	P32589	False	P32589	False	77.32	sp|P32589|HSP7F_YEAST Heat shock protein homolog SSE1 OS=Saccharomyces cerevisiae (strain ATCC 204508 / S288c) OX=559292 GN=SSE1 PE=1 SV=4	37	83575.56657808067	1.2	False	18.723177727822193	0	False	1	1
95	sp|P32905|RSSA1_YEAST	P32905	RSSA1_YEAST	RPS0A	252	Saccharomyces cerevisiae (strain ATCC 204508 / S288c) OX=559292	1:Experimental evidence at protein level	40S ribosomal protein S0-A	0.9836	0.999	1	1	0	1	1	0	1	4939179.5	sp|P46654|RSSA2_YEAST	P32905	P32905	False	P32905;P46654	False;False	28.01	sp|P32905|RSSA1_YEAST 40S ribosomal protein S0-A OS=Saccharomyces cerevisiae (strain ATCC 204508 / S288c) OX=559292 GN=RPS0A PE=1 SV=3	12	2941145.4800203145	6.7	False	22.235839969515354	0	False	1	1
96	sp|P33442|RS3A1_YEAST	P33442	RS3A1_YEAST	RPS1A	255	Saccharomyces cerevisiae (strain ATCC 204508 / S288c) OX=559292	1:Experimental evidence at protein level	40S ribosomal protein S1-A	0.9999	0.9988	7	1	1	8	1	1	8	1497160.2		P33442	P33442	False	P33442	False	28.73	sp|P33442|RS3A1_YEAST 40S ribosomal protein S1-A OS=Saccharomyces cerevisiae (strain ATCC 204508 / S288c) OX=559292 GN=RPS1A PE=1 SV=2	17	629306.6128178686	3.5	False	20.5137971710678	0	False	1	1
97	sp|P34167|IF4B_YEAST	P34167	IF4B_YEAST	TIF3	436	Saccharomyces cerevisiae (strain ATCC 204508 / S288c) OX=559292	1:Experimental evidence at protein level	Eukaryotic translation initiation factor 4B	0.9748	0.9984	1	1	1	1	1	1	1	649497.0		P34167	P34167	False	P34167	False	48.49	sp|P34167|IF4B_YEAST Eukaryotic translation initiation factor 4B OS=Saccharomyces cerevisiae (strain ATCC 204508 / S288c) OX=559292 GN=TIF3 PE=1 SV=1	28	165753.25336382177	3.0	False	19.308963336376145	0	False	1	1
98	sp|P34760|TSA1_YEAST	P34760	TSA1_YEAST	TSA1	196	Saccharomyces cerevisiae (strain ATCC 204508 / S288c) OX=559292	1:Experimental evidence at protein level	Peroxiredoxin TSA1	0.9735	0.9931	1	1	0	1	1	0	1	9249071.0		P34760	P34760	False	P34760	False	21.58	sp|P34760|TSA1_YEAST Peroxiredoxin TSA1 OS=Saccharomyces cerevisiae (strain ATCC 204508 / S288c) OX=559292 GN=TSA1 PE=1 SV=3	13	5083908.2513205595	4.1	False	23.140877034304424	0	False	1	1
99	sp|P35691|TCTP_YEAST	P35691	TCTP_YEAST	TMA19	167	Saccharomyces cerevisiae (strain ATCC 204508 / S288c) OX=559292	1:Experimental evidence at protein level	Translationally-controlled tumor protein homolog	0.972	0.9783	2	2	2	2	2	2	2	3097694.2		P35691	P35691	False	P35691	False	18.73	sp|P35691|TCTP_YEAST Translationally-controlled tumor protein homolog OS=Saccharomyces cerevisiae (strain ATCC 204508 / S288c) OX=559292 GN=TMA19 PE=1 SV=1	8	2766887.4844946847	9.0	False	21.56276329966246	0	False	1	1
100	sp|P35997|RS27A_YEAST	P35997	RS27A_YEAST	RPS27A	82	Saccharomyces cerevisiae (strain ATCC 204508 / S288c) OX=559292	1:Experimental evidence at protein level	40S ribosomal protein S27-A	1.0	0.999	5	6	0	6	6	0	6	76717150.0	sp|P38711|RS27B_YEAST	P35997	P35997	False	P35997;P38711	False;False	8.87	sp|P35997|RS27A_YEAST 40S ribosomal protein S27-A OS=Saccharomyces cerevisiae (strain ATCC 204508 / S288c) OX=559292 GN=RPS27A PE=1 SV=1	4	137048855.35899663	48.8	False	26.193045790234436	0	False	1	1
101	sp|P36006|MYO3_YEAST	P36006	MYO3_YEAST	MYO3	1272	Saccharomyces cerevisiae (strain ATCC 204508 / S288c) OX=559292	1:Experimental evidence at protein level	Myosin-3	0.9995	0.9982	2	2	2	2	2	2	2	5105813.5		P36006	P36006	False	P36006	False	142.36	sp|P36006|MYO3_YEAST Myosin-3 OS=Saccharomyces cerevisiae (strain ATCC 204508 / S288c) OX=559292 GN=MYO3 PE=1 SV=4	57	640078.1982578152	1.3	False	22.283709410723908	0	False	1	1
102	sp|P36008|EF1G2_YEAST	P36008	EF1G2_YEAST	TEF4	412	Saccharomyces cerevisiae (strain ATCC 204508 / S288c) OX=559292	1:Experimental evidence at protein level	Elongation factor 1-gamma 2	0.9613	0.9976	1	1	1	1	1	1	1	3010961.5		P36008	P36008	False	P36008	False	46.49	sp|P36008|EF1G2_YEAST Elongation factor 1-gamma 2 OS=Saccharomyces cerevisiae (strain ATCC 204508 / S288c) OX=559292 GN=TEF4 PE=1 SV=1	23	935449.4191920129	2.2	False	21.521792830321278	0	False	1	1
103	sp|P36136|SHB17_YEAST	P36136	SHB17_YEAST	SHB17	271	Saccharomyces cerevisiae (strain ATCC 204508 / S288c) OX=559292	1:Experimental evidence at protein level	Sedoheptulose 1,7-bisphosphatase	0.9811	0.9988	1	1	1	1	1	1	1	3812968.5		P36136	P36136	False	P36136	False	31.0	sp|P36136|SHB17_YEAST Sedoheptulose 1,7-bisphosphatase OS=Saccharomyces cerevisiae (strain ATCC 204508 / S288c) OX=559292 GN=SHB17 PE=1 SV=1	14	1946158.1311346209	2.6	False	21.8624831819299	0	False	1	1
104	sp|P37263|YC16_YEAST	P37263	YC16_YEAST	YCR087C-A	153	Saccharomyces cerevisiae (strain ATCC 204508 / S288c) OX=559292	1:Experimental evidence at protein level	UPF0743 protein YCR087C-A	1.0	0.999	6	15	15	15	15	15	15	59184860.0		P37263	P37263	False	P37263	False	17.73	sp|P37263|YC16_YEAST UPF0743 protein YCR087C-A OS=Saccharomyces cerevisiae (strain ATCC 204508 / S288c) OX=559292 GN=YCR087C-A PE=1 SV=1	7	60416495.1947881	33.3	False	25.818724833369497	0	False	1	1
105	sp|P38011|GBLP_YEAST	P38011	GBLP_YEAST	ASC1	319	Saccharomyces cerevisiae (strain ATCC 204508 / S288c) OX=559292	1:Experimental evidence at protein level	Guanine nucleotide-binding protein subunit beta-like protein	0.9836	0.999	1	1	1	1	1	1	1	8179092.5		P38011	P38011	False	P38011	False	34.78	sp|P38011|GBLP_YEAST Guanine nucleotide-binding protein subunit beta-like protein OS=Saccharomyces cerevisiae (strain ATCC 204508 / S288c) OX=559292 GN=ASC1 PE=1 SV=4	16	3652818.3887186707	2.8	False	22.963509349119597	0	False	1	1
106	sp|P38013|AHP1_YEAST	P38013	AHP1_YEAST	AHP1	176	Saccharomyces cerevisiae (strain ATCC 204508 / S288c) OX=559292	1:Experimental evidence at protein level	Peroxiredoxin AHP1	1.0	0.9988	3	3	3	3	3	3	3	16427358.0		P38013	P38013	False	P38013	False	19.1	sp|P38013|AHP1_YEAST Peroxiredoxin AHP1 OS=Saccharomyces cerevisiae (strain ATCC 204508 / S288c) OX=559292 GN=AHP1 PE=1 SV=4	9	13042719.539517457	14.2	False	23.969597135565255	0	False	1	1
107	sp|P38041|BOB1_YEAST	P38041	BOB1_YEAST	BOI1	980	Saccharomyces cerevisiae (strain ATCC 204508 / S288c) OX=559292	1:Experimental evidence at protein level	Protein BOB1	0.9796	0.994	1	1	1	1	1	1	1	540500.4		P38041	P38041	False	P38041	False	109.23	sp|P38041|BOB1_YEAST Protein BOB1 OS=Saccharomyces cerevisiae (strain ATCC 204508 / S288c) OX=559292 GN=BOI1 PE=1 SV=1	66	58518.74821090028	0.7	False	19.043936160070746	0	False	1	1
108	sp|P38061|RL32_YEAST	P38061	RL32_YEAST	RPL32	130	Saccharomyces cerevisiae (strain ATCC 204508 / S288c) OX=559292	1:Experimental evidence at protein level	60S ribosomal protein L32	1.0	0.999	13	20	20	20	20	20	20	621780300.0		P38061	P38061	False	P38061	False	14.76	sp|P38061|RL32_YEAST 60S ribosomal protein L32 OS=Saccharomyces cerevisiae (strain ATCC 204508 / S288c) OX=559292 GN=RPL32 PE=1 SV=1	8	555379588.5259916	69.2	False	29.21182966728232	0	False	1	1
109	sp|P38182|ATG8_YEAST	P38182	ATG8_YEAST	ATG8	117	Saccharomyces cerevisiae (strain ATCC 204508 / S288c) OX=559292	1:Experimental evidence at protein level	Autophagy-related protein 8	1.0	0.999	7	8	8	8	8	8	8	97432470.0		P38182	P38182	False	P38182	False	13.62	sp|P38182|ATG8_YEAST Autophagy-related protein 8 OS=Saccharomyces cerevisiae (strain ATCC 204508 / S288c) OX=559292 GN=ATG8 PE=1 SV=1	7	99460036.83325998	35.0	False	26.537899304091294	0	False	1	1
110	sp|P38219|OLA1_YEAST	P38219	OLA1_YEAST	OLA1	394	Saccharomyces cerevisiae (strain ATCC 204508 / S288c) OX=559292	1:Experimental evidence at protein level	Obg-like ATPase 1	0.9724	0.9983	1	1	1	1	1	1	1	1312559.6		P38219	P38219	False	P38219	False	44.15	sp|P38219|OLA1_YEAST Obg-like ATPase 1 OS=Saccharomyces cerevisiae (strain ATCC 204508 / S288c) OX=559292 GN=OLA1 PE=1 SV=1	24	390796.561938807	2.5	False	20.32395150271035	0	False	1	1
111	sp|P38250|IST2_YEAST	P38250	IST2_YEAST	IST2	946	Saccharomyces cerevisiae (strain ATCC 204508 / S288c) OX=559292	1:Experimental evidence at protein level	Increased sodium tolerance protein 2	1.0	0.999	19	41	41	41	41	41	41	675147140.0		P38250	P38250	False	P38250	False	105.79	sp|P38250|IST2_YEAST Increased sodium tolerance protein 2 OS=Saccharomyces cerevisiae (strain ATCC 204508 / S288c) OX=559292 GN=IST2 PE=1 SV=2	38	126957329.59991105	15.3	False	29.33062671313634	0	False	1	1
112	sp|P38615|RIM11_YEAST	P38615	RIM11_YEAST	RIM11	370	Saccharomyces cerevisiae (strain ATCC 204508 / S288c) OX=559292	1:Experimental evidence at protein level	Serine/threonine-protein kinase RIM11/MSD1	0.832	0.988	1	1	1	1	1	1	1	7025804.0		P38615	P38615	False	P38615	False	42.98	sp|P38615|RIM11_YEAST Serine/threonine-protein kinase RIM11/MSD1 OS=Saccharomyces cerevisiae (strain ATCC 204508 / S288c) OX=559292 GN=RIM11 PE=1 SV=1	14	3586005.3872352066	3.8	False	22.744231899347	0	False	1	1
113	sp|P38701|RS20_YEAST	P38701	RS20_YEAST	RPS20	121	Saccharomyces cerevisiae (strain ATCC 204508 / S288c) OX=559292	1:Experimental evidence at protein level	40S ribosomal protein S20	1.0	0.999	6	6	6	6	6	6	6	32913730.0		P38701	P38701	False	P38701	False	13.9	sp|P38701|RS20_YEAST 40S ribosomal protein S20 OS=Saccharomyces cerevisiae (strain ATCC 204508 / S288c) OX=559292 GN=RPS20 PE=1 SV=3	8	29398830.783567093	42.1	False	24.97218619561368	0	False	1	1
114	sp|P38720|6PGD1_YEAST	P38720	6PGD1_YEAST	GND1	489	Saccharomyces cerevisiae (strain ATCC 204508 / S288c) OX=559292	1:Experimental evidence at protein level	6-phosphogluconate dehydrogenase, decarboxylating 1	0.9834	0.999	1	1	0	1	1	0	1	1804378.0	sp|P53319|6PGD2_YEAST	P38720	P38720	False	P38720;P53319	False;False	53.51	sp|P38720|6PGD1_YEAST 6-phosphogluconate dehydrogenase, decarboxylating 1 OS=Saccharomyces cerevisiae (strain ATCC 204508 / S288c) OX=559292 GN=GND1 PE=1 SV=1	28	460481.76326927764	2.0	False	20.783070170445093	0	False	1	1
115	sp|P38809|YHP7_YEAST	P38809	YHP7_YEAST	YHR097C	366	Saccharomyces cerevisiae (strain ATCC 204508 / S288c) OX=559292	1:Experimental evidence at protein level	Uncharacterized protein YHR097C	1.0	0.999	19	28	28	28	28	28	28	421226880.0		P38809	P38809	False	P38809	False	40.64	sp|P38809|YHP7_YEAST Uncharacterized protein YHR097C OS=Saccharomyces cerevisiae (strain ATCC 204508 / S288c) OX=559292 GN=YHR097C PE=1 SV=1	17	177055776.0489751	43.4	False	28.650022261951936	0	False	1	1
116	sp|P38862|ATG7_YEAST	P38862	ATG7_YEAST	ATG7	630	Saccharomyces cerevisiae (strain ATCC 204508 / S288c) OX=559292	1:Experimental evidence at protein level	Ubiquitin-like modifier-activating enzyme ATG7	0.9777	0.9986	1	1	1	1	1	1	1	4074386.5		P38862	P38862	False	P38862	False	71.38	sp|P38862|ATG7_YEAST Ubiquitin-like modifier-activating enzyme ATG7 OS=Saccharomyces cerevisiae (strain ATCC 204508 / S288c) OX=559292 GN=ATG7 PE=1 SV=1	38	766163.6984760507	1.4	False	21.958151411480003	0	False	1	1
117	sp|P38879|NACA_YEAST	P38879	NACA_YEAST	EGD2	174	Saccharomyces cerevisiae (strain ATCC 204508 / S288c) OX=559292	1:Experimental evidence at protein level	Nascent polypeptide-associated complex subunit alpha	0.9836	0.999	1	1	1	1	1	1	1	0.0		P38879	P38879	False	P38879	False	18.7	sp|P38879|NACA_YEAST Nascent polypeptide-associated complex subunit alpha OS=Saccharomyces cerevisiae (strain ATCC 204508 / S288c) OX=559292 GN=EGD2 PE=1 SV=3	8	0.0	9.8	False		1	True	0	0
118	sp|P38911|FKBP3_YEAST	P38911	FKBP3_YEAST	FPR3	411	Saccharomyces cerevisiae (strain ATCC 204508 / S288c) OX=559292	1:Experimental evidence at protein level	Peptidyl-prolyl cis-trans isomerase	0.8522	0.9897	1	1	1	1	1	1	1	2139467.0		P38911	P38911	False	P38911	False	46.52	sp|P38911|FKBP3_YEAST Peptidyl-prolyl cis-trans isomerase OS=Saccharomyces cerevisiae (strain ATCC 204508 / S288c) OX=559292 GN=FPR3 PE=1 SV=2	8	1910990.5896422537	2.4	False	21.028819995748293	0	False	1	1
119	sp|P39015|STM1_YEAST	P39015	STM1_YEAST	STM1	273	Saccharomyces cerevisiae (strain ATCC 204508 / S288c) OX=559292	1:Experimental evidence at protein level	Suppressor protein STM1	1.0	0.999	2	2	2	2	2	2	2	3502537.8		P39015	P39015	False	P39015	False	29.98	sp|P39015|STM1_YEAST Suppressor protein STM1 OS=Saccharomyces cerevisiae (strain ATCC 204508 / S288c) OX=559292 GN=STM1 PE=1 SV=3	12	2085664.8799806312	15.4	False	21.739969189881275	0	False	1	1
120	sp|P39016|MPT5_YEAST	P39016	MPT5_YEAST	MPT5	859	Saccharomyces cerevisiae (strain ATCC 204508 / S288c) OX=559292	1:Experimental evidence at protein level	Suppressor protein MPT5	0.9836	0.999	1	1	1	1	1	1	1	5170846.0		P39016	P39016	False	P39016	False	95.36	sp|P39016|MPT5_YEAST Suppressor protein MPT5 OS=Saccharomyces cerevisiae (strain ATCC 204508 / S288c) OX=559292 GN=MPT5 PE=1 SV=2	32	1154661.1897366599	1.3	False	22.301968907921395	0	False	1	1
121	sp|P39938|RS26A_YEAST	P39938	RS26A_YEAST	RPS26A	119	Saccharomyces cerevisiae (strain ATCC 204508 / S288c) OX=559292	1:Experimental evidence at protein level	40S ribosomal protein S26-A	1.0	0.999	6	7	2	7	7	2	7	180042860.0		P39938	P39938	False	P39938	False	13.5	sp|P39938|RS26A_YEAST 40S ribosomal protein S26-A OS=Saccharomyces cerevisiae (strain ATCC 204508 / S288c) OX=559292 GN=RPS26A PE=1 SV=1	4	321631706.5813848	39.5	False	27.42376514648135	0	False	1	1
122	sp|P39939|RS26B_YEAST	P39939	RS26B_YEAST	RPS26B	119	Saccharomyces cerevisiae (strain ATCC 204508 / S288c) OX=559292	1:Experimental evidence at protein level	40S ribosomal protein S26-B	0.9994	0.9987	5	1	1	6	1	1	6	2108329.0		P39939	P39939	False	P39939	False	13.44	sp|P39939|RS26B_YEAST 40S ribosomal protein S26-B OS=Saccharomyces cerevisiae (strain ATCC 204508 / S288c) OX=559292 GN=RPS26B PE=1 SV=1	4	3766355.7127731936	11.8	False	21.00766858318391	0	False	1	1
123	sp|P39960|BEM2_YEAST	P39960	BEM2_YEAST	BEM2	2167	Saccharomyces cerevisiae (strain ATCC 204508 / S288c) OX=559292	1:Experimental evidence at protein level	GTPase-activating protein BEM2/IPL2	0.9836	0.999	1	1	1	1	1	1	1	6763867.0		P39960	P39960	False	P39960	False	245.28	sp|P39960|BEM2_YEAST GTPase-activating protein BEM2/IPL2 OS=Saccharomyces cerevisiae (strain ATCC 204508 / S288c) OX=559292 GN=BEM2 PE=1 SV=1	112	431538.9295755766	0.9	False	22.689416861194054	0	False	1	1
124	sp|P40059|DOT6_YEAST	P40059	DOT6_YEAST	DOT6	670	Saccharomyces cerevisiae (strain ATCC 204508 / S288c) OX=559292	1:Experimental evidence at protein level	Transcriptional regulatory protein DOT6	0.9836	0.999	1	1	1	1	1	1	1	10472022.0		P40059	P40059	False	P40059	False	73.0	sp|P40059|DOT6_YEAST Transcriptional regulatory protein DOT6 OS=Saccharomyces cerevisiae (strain ATCC 204508 / S288c) OX=559292 GN=DOT6 PE=1 SV=1	26	2878061.9725921894	1.8	False	23.32003669747608	0	False	1	1
125	sp|P40212|RL13B_YEAST	P40212	RL13B_YEAST	RPL13B	199	Saccharomyces cerevisiae (strain ATCC 204508 / S288c) OX=559292	1:Experimental evidence at protein level	60S ribosomal protein L13-B	1.0	0.999	11	19	2	19	19	2	19	657677000.0		P40212	P40212	False	P40212	False	22.51	sp|P40212|RL13B_YEAST 60S ribosomal protein L13-B OS=Saccharomyces cerevisiae (strain ATCC 204508 / S288c) OX=559292 GN=RPL13B PE=1 SV=1	8	587442834.1377308	53.8	False	29.292803976936774	0	False	1	1
126	sp|P40344|ATG3_YEAST	P40344	ATG3_YEAST	ATG3	310	Saccharomyces cerevisiae (strain ATCC 204508 / S288c) OX=559292	1:Experimental evidence at protein level	Autophagy-related protein 3	1.0	0.999	6	7	7	7	7	7	7	154778220.0		P40344	P40344	False	P40344	False	35.86	sp|P40344|ATG3_YEAST Autophagy-related protein 3 OS=Saccharomyces cerevisiae (strain ATCC 204508 / S288c) OX=559292 GN=ATG3 PE=1 SV=1	13	85076465.49396247	27.1	False	27.20562723246306	0	False	1	1
127	sp|P40525|RL34B_YEAST	P40525	RL34B_YEAST	RPL34B	121	Saccharomyces cerevisiae (strain ATCC 204508 / S288c) OX=559292	1:Experimental evidence at protein level	60S ribosomal protein L34-B	1.0	0.999	3	4	0	4	4	0	4	31328842.0	sp|P87262|RL34A_YEAST	P40525	P40525	False	P40525;P87262	False;False	13.63	sp|P40525|RL34B_YEAST 60S ribosomal protein L34-B OS=Saccharomyces cerevisiae (strain ATCC 204508 / S288c) OX=559292 GN=RPL34B PE=1 SV=1	5	44773111.992015965	18.2	False	24.900988108937014	0	False	1	1
128	sp|P41057|RS29A_YEAST	P41057	RS29A_YEAST	RPS29A	56	Saccharomyces cerevisiae (strain ATCC 204508 / S288c) OX=559292	1:Experimental evidence at protein level	40S ribosomal protein S29-A	1.0	0.999	2	2	2	2	2	2	2	6107562.0		P41057	P41057	False	P41057	False	6.66	sp|P41057|RS29A_YEAST 40S ribosomal protein S29-A OS=Saccharomyces cerevisiae (strain ATCC 204508 / S288c) OX=559292 GN=RPS29A PE=1 SV=3	4	10910655.324580021	21.4	False	22.54216517319346	0	False	1	1
129	sp|P41805|RL10_YEAST	P41805	RL10_YEAST	RPL10	221	Saccharomyces cerevisiae (strain ATCC 204508 / S288c) OX=559292	1:Experimental evidence at protein level	60S ribosomal protein L10	0.9833	0.999	1	1	1	1	1	1	1	4813047.0		P41805	P41805	False	P41805	False	25.35	sp|P41805|RL10_YEAST 60S ribosomal protein L10 OS=Saccharomyces cerevisiae (strain ATCC 204508 / S288c) OX=559292 GN=RPL10 PE=1 SV=1	11	3126585.869541214	5.0	False	22.19851908079148	0	False	1	1
130	sp|P41940|MPG1_YEAST	P41940	MPG1_YEAST	PSA1	361	Saccharomyces cerevisiae (strain ATCC 204508 / S288c) OX=559292	1:Experimental evidence at protein level	Mannose-1-phosphate guanyltransferase	0.9836	0.999	1	1	1	1	1	1	1	6445514.0		P41940	P41940	False	P41940	False	39.54	sp|P41940|MPG1_YEAST Mannose-1-phosphate guanyltransferase OS=Saccharomyces cerevisiae (strain ATCC 204508 / S288c) OX=559292 GN=PSA1 PE=1 SV=2	22	2093523.3952972065	5.0	False	22.619863980771118	0	False	1	1
131	sp|P42846|KRI1_YEAST	P42846	KRI1_YEAST	KRI1	591	Saccharomyces cerevisiae (strain ATCC 204508 / S288c) OX=559292	1:Experimental evidence at protein level	Protein KRI1	1.0	0.999	2	3	3	3	3	3	3	8066518.0		P42846	P42846	False	P42846	False	68.61	sp|P42846|KRI1_YEAST Protein KRI1 OS=Saccharomyces cerevisiae (strain ATCC 204508 / S288c) OX=559292 GN=KRI1 PE=1 SV=1	25	2305626.9606110086	4.7	False	22.943514622233327	0	False	1	1
132	sp|P43555|EMP47_YEAST	P43555	EMP47_YEAST	EMP47	445	Saccharomyces cerevisiae (strain ATCC 204508 / S288c) OX=559292	1:Experimental evidence at protein level	Protein EMP47	0.8206	0.987	1	1	1	1	1	1	1	317382.06		P43555	P43555	False	P43555	False	50.3	sp|P43555|EMP47_YEAST Protein EMP47 OS=Saccharomyces cerevisiae (strain ATCC 204508 / S288c) OX=559292 GN=EMP47 PE=1 SV=1	23	98604.66953462028	1.8	False	18.27586105667258	0	False	1	1
133	sp|P43638|MHP1_YEAST	P43638	MHP1_YEAST	MHP1	1398	Saccharomyces cerevisiae (strain ATCC 204508 / S288c) OX=559292	1:Experimental evidence at protein level	MAP-homologous protein 1	1.0	0.999	2	3	3	3	3	3	3	74423160.0		P43638	P43638	False	P43638	False	155.11	sp|P43638|MHP1_YEAST MAP-homologous protein 1 OS=Saccharomyces cerevisiae (strain ATCC 204508 / S288c) OX=559292 GN=MHP1 PE=1 SV=1	71	7490187.695567208	3.7	False	26.149248312664234	0	False	1	1
134	sp|P46990|RL17B_YEAST	P46990	RL17B_YEAST	RPL17B	184	Saccharomyces cerevisiae (strain ATCC 204508 / S288c) OX=559292	1:Experimental evidence at protein level	60S ribosomal protein L17-B	1.0	0.999	8	13	2	13	13	2	13	133448890.0		P46990	P46990	False	P46990	False	20.54	sp|P46990|RL17B_YEAST 60S ribosomal protein L17-B OS=Saccharomyces cerevisiae (strain ATCC 204508 / S288c) OX=559292 GN=RPL17B PE=1 SV=2	7	136225957.47349584	38.0	False	26.9917120645926	0	False	1	1
135	sp|P47035|NET1_YEAST	P47035	NET1_YEAST	NET1	1189	Saccharomyces cerevisiae (strain ATCC 204508 / S288c) OX=559292	1:Experimental evidence at protein level	Nucleolar protein NET1	0.9788	0.9987	1	1	1	1	1	1	1	578810.5		P47035	P47035	False	P47035	False	128.45	sp|P47035|NET1_YEAST Nucleolar protein NET1 OS=Saccharomyces cerevisiae (strain ATCC 204508 / S288c) OX=559292 GN=NET1 PE=1 SV=1	63	65650.6143856214	0.8	False	19.142731567972877	0	False	1	1
136	sp|P47176|BCA2_YEAST	P47176	BCA2_YEAST	BAT2	376	Saccharomyces cerevisiae (strain ATCC 204508 / S288c) OX=559292	1:Experimental evidence at protein level	Branched-chain-amino-acid aminotransferase, cytosolic	0.7904	0.9843	1	1	1	1	1	1	1	1504280.2		P47176	P47176	False	P47176	False	41.6	sp|P47176|BCA2_YEAST Branched-chain-amino-acid aminotransferase, cytosolic OS=Saccharomyces cerevisiae (strain ATCC 204508 / S288c) OX=559292 GN=BAT2 PE=1 SV=1	22	488594.9812198624	2.1	False	20.520641889996135	0	False	1	1
137	sp|P48589|RS12_YEAST	P48589	RS12_YEAST	RPS12	143	Saccharomyces cerevisiae (strain ATCC 204508 / S288c) OX=559292	1:Experimental evidence at protein level	40S ribosomal protein S12	0.9807	0.9988	1	1	1	1	1	1	1	1775233.5		P48589	P48589	False	P48589	False	15.46	sp|P48589|RS12_YEAST 40S ribosomal protein S12 OS=Saccharomyces cerevisiae (strain ATCC 204508 / S288c) OX=559292 GN=RPS12 PE=1 SV=1	7	1812176.0568898339	7.7	False	20.75957736697616	0	False	1	1
138	sp|P49166|RL37A_YEAST	P49166	RL37A_YEAST	RPL37A	88	Saccharomyces cerevisiae (strain ATCC 204508 / S288c) OX=559292	1:Experimental evidence at protein level	60S ribosomal protein L37-A	1.0	0.999	10	20	10	20	20	10	20	178805310.0		P49166	P49166	False	P49166	False	9.84	sp|P49166|RL37A_YEAST 60S ribosomal protein L37-A OS=Saccharomyces cerevisiae (strain ATCC 204508 / S288c) OX=559292 GN=RPL37A PE=1 SV=2	6	212947283.7786645	51.1	False	27.413814340121895	0	False	1	1
139	sp|P50089|YG51_YEAST	P50089	YG51_YEAST	YGR237C	785	Saccharomyces cerevisiae (strain ATCC 204508 / S288c) OX=559292	1:Experimental evidence at protein level	Uncharacterized protein YGR237C	1.0	0.999	4	7	7	7	7	7	7	14798356.0		P50089	P50089	False	P50089	False	89.19	sp|P50089|YG51_YEAST Uncharacterized protein YGR237C OS=Saccharomyces cerevisiae (strain ATCC 204508 / S288c) OX=559292 GN=YGR237C PE=1 SV=1	39	2711388.8582027717	5.7	False	23.81893357503958	0	False	1	1
140	sp|P50111|ZDS1_YEAST	P50111	ZDS1_YEAST	ZDS1	915	Saccharomyces cerevisiae (strain ATCC 204508 / S288c) OX=559292	1:Experimental evidence at protein level	Protein ZDS1	0.9827	0.9989	1	1	1	1	1	1	1	8126172.0		P50111	P50111	False	P50111	False	103.3	sp|P50111|ZDS1_YEAST Protein ZDS1 OS=Saccharomyces cerevisiae (strain ATCC 204508 / S288c) OX=559292 GN=ZDS1 PE=1 SV=1	45	1290376.4844703532	0.8	False	22.95414447055585	0	False	1	1
141	sp|P51402|RL37B_YEAST	P51402	RL37B_YEAST	RPL37B	88	Saccharomyces cerevisiae (strain ATCC 204508 / S288c) OX=559292	1:Experimental evidence at protein level	60S ribosomal protein L37-B	1.0	0.9781	10	6	6	16	6	6	16	1040860.1		P51402	P51402	False	P51402	False	9.86	sp|P51402|RL37B_YEAST 60S ribosomal protein L37-B OS=Saccharomyces cerevisiae (strain ATCC 204508 / S288c) OX=559292 GN=RPL37B PE=1 SV=2	6	1239607.0960565382	21.6	False	19.98934474113191	0	False	1	1
142	sp|P51862|ROM2_YEAST	P51862	ROM2_YEAST	ROM2	1356	Saccharomyces cerevisiae (strain ATCC 204508 / S288c) OX=559292	1:Experimental evidence at protein level	RHO1 GDP-GTP exchange protein 2	1.0	0.999	2	3	3	3	3	3	3	30309108.0		P51862	P51862	False	P51862	False	152.5	sp|P51862|ROM2_YEAST RHO1 GDP-GTP exchange protein 2 OS=Saccharomyces cerevisiae (strain ATCC 204508 / S288c) OX=559292 GN=ROM2 PE=1 SV=1	72	3008039.965532991	1.5	False	24.853248058303002	0	False	1	1
143	sp|P53221|RL26B_YEAST	P53221	RL26B_YEAST	RPL26B	127	Saccharomyces cerevisiae (strain ATCC 204508 / S288c) OX=559292	1:Experimental evidence at protein level	60S ribosomal protein L26-B	1.0	0.999	8	10	2	10	10	2	10	76154130.0		P53221	P53221	False	P53221	False	14.23	sp|P53221|RL26B_YEAST 60S ribosomal protein L26-B OS=Saccharomyces cerevisiae (strain ATCC 204508 / S288c) OX=559292 GN=RPL26B PE=1 SV=2	6	90695377.73809573	43.3	False	26.18241894345791	0	False	1	1
144	sp|P53252|PIL1_YEAST	P53252	PIL1_YEAST	PIL1	339	Saccharomyces cerevisiae (strain ATCC 204508 / S288c) OX=559292	1:Experimental evidence at protein level	Sphingolipid long chain base-responsive protein PIL1	0.9836	0.999	1	1	1	1	1	1	1	2035664.0		P53252	P53252	False	P53252	False	38.33	sp|P53252|PIL1_YEAST Sphingolipid long chain base-responsive protein PIL1 OS=Saccharomyces cerevisiae (strain ATCC 204508 / S288c) OX=559292 GN=PIL1 PE=1 SV=1	15	969745.5170341668	8.0	False	20.9570680238926	0	False	1	1
145	sp|P53278|YG3A_YEAST	P53278	YG3A_YEAST	YGR130C	816	Saccharomyces cerevisiae (strain ATCC 204508 / S288c) OX=559292	1:Experimental evidence at protein level	Uncharacterized protein YGR130C	1.0	0.999	10	10	10	10	10	10	10	61666160.0		P53278	P53278	False	P53278	False	92.64	sp|P53278|YG3A_YEAST Uncharacterized protein YGR130C OS=Saccharomyces cerevisiae (strain ATCC 204508 / S288c) OX=559292 GN=YGR130C PE=1 SV=1	41	10747463.8249596	13.8	False	25.877975675576245	0	False	1	1
146	sp|P53335|PXR1_YEAST	P53335	PXR1_YEAST	PXR1	271	Saccharomyces cerevisiae (strain ATCC 204508 / S288c) OX=559292	1:Experimental evidence at protein level	Protein PXR1	0.9836	0.999	1	1	1	1	1	1	1	16497188.0		P53335	P53335	False	P53335	False	31.29	sp|P53335|PXR1_YEAST Protein PXR1 OS=Saccharomyces cerevisiae (strain ATCC 204508 / S288c) OX=559292 GN=PXR1 PE=1 SV=1	13	9067958.305951647	5.5	False	23.97571679751973	0	False	1	1
147	sp|P53733|RT19_YEAST	P53733	RT19_YEAST	RSM19	91	Saccharomyces cerevisiae (strain ATCC 204508 / S288c) OX=559292	1:Experimental evidence at protein level	37S ribosomal protein S19, mitochondrial	0.9437	0.9964	1	1	1	1	1	1	1	144722560.0		P53733	P53733	False	P53733	False	10.27	sp|P53733|RT19_YEAST 37S ribosomal protein S19, mitochondrial OS=Saccharomyces cerevisiae (strain ATCC 204508 / S288c) OX=559292 GN=RSM19 PE=1 SV=1	6	172356604.25014672	8.8	False	27.10871459225526	0	False	1	1
148	sp|P53855|ATG2_YEAST	P53855	ATG2_YEAST	ATG2	1592	Saccharomyces cerevisiae (strain ATCC 204508 / S288c) OX=559292	1:Experimental evidence at protein level	Autophagy-related protein 2	0.9817	0.9989	1	1	1	1	1	1	1	13520136.0		P53855	P53855	False	P53855	False	178.3	sp|P53855|ATG2_YEAST Autophagy-related protein 2 OS=Saccharomyces cerevisiae (strain ATCC 204508 / S288c) OX=559292 GN=ATG2 PE=1 SV=1	82	1178175.9442174928	1.2	False	23.688606328075622	0	False	1	1
149	sp|P53927|NOP15_YEAST	P53927	NOP15_YEAST	NOP15	220	Saccharomyces cerevisiae (strain ATCC 204508 / S288c) OX=559292	1:Experimental evidence at protein level	Ribosome biogenesis protein 15	1.0	0.999	5	5	5	5	5	5	5	59111284.0		P53927	P53927	False	P53927	False	25.43	sp|P53927|NOP15_YEAST Ribosome biogenesis protein 15 OS=Saccharomyces cerevisiae (strain ATCC 204508 / S288c) OX=559292 GN=NOP15 PE=1 SV=1	7	60341388.08039345	20.0	False	25.81693022298869	0	False	1	1
150	sp|P54115|ALDH6_YEAST	P54115	ALDH6_YEAST	ALD6	500	Saccharomyces cerevisiae (strain ATCC 204508 / S288c) OX=559292	1:Experimental evidence at protein level	Magnesium-activated aldehyde dehydrogenase, cytosolic	1.0	0.999	2	2	2	2	2	2	2	8882176.0		P54115	P54115	False	P54115	False	54.38	sp|P54115|ALDH6_YEAST Magnesium-activated aldehyde dehydrogenase, cytosolic OS=Saccharomyces cerevisiae (strain ATCC 204508 / S288c) OX=559292 GN=ALD6 PE=1 SV=4	28	2266753.4552893345	5.4	False	23.082481727863104	0	False	1	1
151	sp|P54785|MOT3_YEAST	P54785	MOT3_YEAST	MOT3	490	Saccharomyces cerevisiae (strain ATCC 204508 / S288c) OX=559292	1:Experimental evidence at protein level	Transcriptional activator/repressor MOT3	1.0	0.999	2	4	4	4	4	4	4	34658584.0		P54785	P54785	False	P54785	False	54.35	sp|P54785|MOT3_YEAST Transcriptional activator/repressor MOT3 OS=Saccharomyces cerevisiae (strain ATCC 204508 / S288c) OX=559292 GN=MOT3 PE=1 SV=1	10	24765879.679125905	5.3	False	25.046709377627437	0	False	1	1
152	sp|P60010|ACT_YEAST	P60010	ACT_YEAST	ACT1	375	Saccharomyces cerevisiae (strain ATCC 204508 / S288c) OX=559292	1:Experimental evidence at protein level	Actin	1.0	0.999	5	5	5	5	5	5	5	36338080.0		P60010	P60010	False	P60010	False	41.66	sp|P60010|ACT_YEAST Actin OS=Saccharomyces cerevisiae (strain ATCC 204508 / S288c) OX=559292 GN=ACT1 PE=1 SV=1	20	12982996.03137929	16.0	False	25.114978857926218	0	False	1	1
153	sp|P61830|H3_YEAST	P61830	H3_YEAST	HHT2	136	Saccharomyces cerevisiae (strain ATCC 204508 / S288c) OX=559292	1:Experimental evidence at protein level	Histone H3	0.7826	0.9836	1	1	1	1	1	1	1	4629490.0		P61830	P61830	False	P61830	False	15.35	sp|P61830|H3_YEAST Histone H3 OS=Saccharomyces cerevisiae (strain ATCC 204508 / S288c) OX=559292 GN=HHT2 PE=1 SV=2	4	8270201.71364449	6.6	False	22.14242183948419	0	False	1	1
154	sp|Q01855|RS15_YEAST	Q01855	RS15_YEAST	RPS15	142	Saccharomyces cerevisiae (strain ATCC 204508 / S288c) OX=559292	1:Experimental evidence at protein level	40S ribosomal protein S15	1.0	0.999	6	18	18	18	18	18	18	307075650.0		Q01855	Q01855	False	Q01855	False	15.99	sp|Q01855|RS15_YEAST 40S ribosomal protein S15 OS=Saccharomyces cerevisiae (strain ATCC 204508 / S288c) OX=559292 GN=RPS15 PE=1 SV=1	7	313465885.23925596	35.2	False	28.19401887539499	0	False	1	1
155	sp|Q02753|RL21A_YEAST	Q02753	RL21A_YEAST	RPL21A	160	Saccharomyces cerevisiae (strain ATCC 204508 / S288c) OX=559292	1:Experimental evidence at protein level	60S ribosomal protein L21-A	1.0	0.999	3	3	0	3	3	0	3	42700030.0	sp|Q12672|RL21B_YEAST	Q02753	Q02753	False	Q02753;Q12672	False;False	18.23	sp|Q02753|RL21A_YEAST 60S ribosomal protein L21-A OS=Saccharomyces cerevisiae (strain ATCC 204508 / S288c) OX=559292 GN=RPL21A PE=1 SV=1	7	43588616.36763705	16.9	False	25.34773374766002	0	False	1	1
156	sp|Q03048|COFI_YEAST	Q03048	COFI_YEAST	COF1	143	Saccharomyces cerevisiae (strain ATCC 204508 / S288c) OX=559292	1:Experimental evidence at protein level	Cofilin	0.9836	0.999	1	1	1	1	1	1	1	1893433.5		Q03048	Q03048	False	Q03048	False	15.89	sp|Q03048|COFI_YEAST Cofilin OS=Saccharomyces cerevisiae (strain ATCC 204508 / S288c) OX=559292 GN=COF1 PE=1 SV=1	7	1932835.795411205	11.9	False	20.852573321993585	0	False	1	1
157	sp|Q05584|GLO2_YEAST	Q05584	GLO2_YEAST	GLO2	274	Saccharomyces cerevisiae (strain ATCC 204508 / S288c) OX=559292	1:Experimental evidence at protein level	Hydroxyacylglutathione hydrolase, cytoplasmic isozyme	0.9677	0.998	1	1	1	1	1	1	1	1032344.6		Q05584	Q05584	False	Q05584	False	31.31	sp|Q05584|GLO2_YEAST Hydroxyacylglutathione hydrolase, cytoplasmic isozyme OS=Saccharomyces cerevisiae (strain ATCC 204508 / S288c) OX=559292 GN=GLO2 PE=1 SV=1	16	461049.6015755318	2.9	False	19.97749319679683	0	False	1	1
158	sp|Q06178|NMA1_YEAST	Q06178	NMA1_YEAST	NMA1	401	Saccharomyces cerevisiae (strain ATCC 204508 / S288c) OX=559292	1:Experimental evidence at protein level	Nicotinamide/nicotinic acid mononucleotide adenylyltransferase 1	1.0	0.999	9	15	14	15	15	14	15	402243500.0		Q06178	Q06178	False	Q06178	False	45.83	sp|Q06178|NMA1_YEAST Nicotinamide/nicotinic acid mononucleotide adenylyltransferase 1 OS=Saccharomyces cerevisiae (strain ATCC 204508 / S288c) OX=559292 GN=NMA1 PE=1 SV=1	19	151278906.7251972	26.9	False	28.583493867198566	0	False	1	1
159	sp|Q06698|YL419_YEAST	Q06698	YL419_YEAST	YLR419W	1435	Saccharomyces cerevisiae (strain ATCC 204508 / S288c) OX=559292	1:Experimental evidence at protein level	Putative ATP-dependent RNA helicase YLR419W	0.832	0.988	1	60	60	60	60	60	60	49512653000.0		Q06698	Q06698	False	Q06698	False	162.94	sp|Q06698|YL419_YEAST Putative ATP-dependent RNA helicase YLR419W OS=Saccharomyces cerevisiae (strain ATCC 204508 / S288c) OX=559292 GN=YLR419W PE=1 SV=1	71	4983113647.357742	1.3	False	35.52707820311006	0	False	1	1
160	sp|Q07653|HBT1_YEAST	Q07653	HBT1_YEAST	HBT1	1046	Saccharomyces cerevisiae (strain ATCC 204508 / S288c) OX=559292	1:Experimental evidence at protein level	Protein HBT1	0.9958	0.9966	2	2	2	2	2	2	2	1651268.4		Q07653	Q07653	False	Q07653	False	113.55	sp|Q07653|HBT1_YEAST Protein HBT1 OS=Saccharomyces cerevisiae (strain ATCC 204508 / S288c) OX=559292 GN=HBT1 PE=1 SV=1	64	184365.91761952982	2.9	False	20.655143206763487	0	False	1	1
161	sp|Q08732|HRK1_YEAST	Q08732	HRK1_YEAST	HRK1	759	Saccharomyces cerevisiae (strain ATCC 204508 / S288c) OX=559292	1:Experimental evidence at protein level	Serine/threonine-protein kinase HRK1	1.0	0.999	8	8	8	8	8	8	8	47721240.0		Q08732	Q08732	False	Q08732	False	85.64	sp|Q08732|HRK1_YEAST Serine/threonine-protein kinase HRK1 OS=Saccharomyces cerevisiae (strain ATCC 204508 / S288c) OX=559292 GN=HRK1 PE=1 SV=1	40	8525005.579993475	9.5	False	25.508128195061282	0	False	1	1
162	sp|Q12100|RTK1_YEAST	Q12100	RTK1_YEAST	RTK1	620	Saccharomyces cerevisiae (strain ATCC 204508 / S288c) OX=559292	1:Experimental evidence at protein level	Probable serine/threonine-protein kinase RTK1	1.0	0.999	3	3	3	3	3	3	3	20044616.0		Q12100	Q12100	False	Q12100	False	69.57	sp|Q12100|RTK1_YEAST Probable serine/threonine-protein kinase RTK1 OS=Saccharomyces cerevisiae (strain ATCC 204508 / S288c) OX=559292 GN=RTK1 PE=1 SV=1	28	5115435.967261613	5.6	False	24.25671144387522	0	False	1	1
163	sp|Q12117|MRH1_YEAST	Q12117	MRH1_YEAST	MRH1	320	Saccharomyces cerevisiae (strain ATCC 204508 / S288c) OX=559292	1:Experimental evidence at protein level	Protein MRH1	0.9836	0.999	1	1	1	1	1	1	1	9496760.0		Q12117	Q12117	False	Q12117	False	36.17	sp|Q12117|MRH1_YEAST Protein MRH1 OS=Saccharomyces cerevisiae (strain ATCC 204508 / S288c) OX=559292 GN=MRH1 PE=1 SV=1	10	6786071.107277081	5.0	False	23.17900396390351	0	False	1	1
164	sp|Q12460|NOP56_YEAST	Q12460	NOP56_YEAST	NOP56	504	Saccharomyces cerevisiae (strain ATCC 204508 / S288c) OX=559292	1:Experimental evidence at protein level	Nucleolar protein 56	0.9263	0.9952	1	1	1	1	1	1	1	1965855.8		Q12460	Q12460	False	Q12460	False	56.83	sp|Q12460|NOP56_YEAST Nucleolar protein 56 OS=Saccharomyces cerevisiae (strain ATCC 204508 / S288c) OX=559292 GN=NOP56 PE=1 SV=1	28	501691.3003357037	3.4	False	20.906726069916864	0	False	1	1
165	sp|Q12499|NOP58_YEAST	Q12499	NOP58_YEAST	NOP58	511	Saccharomyces cerevisiae (strain ATCC 204508 / S288c) OX=559292	1:Experimental evidence at protein level	Nucleolar protein 58	1.0	0.9983	2	4	4	4	4	4	4	13309896.0		Q12499	Q12499	False	Q12499	False	56.92	sp|Q12499|NOP58_YEAST Nucleolar protein 58 OS=Saccharomyces cerevisiae (strain ATCC 204508 / S288c) OX=559292 GN=NOP58 PE=1 SV=1	27	3522523.029938741	2.9	False	23.66599596266867	0	False	1	1
166	sp|contam_P00761|TRYP_PIG	contam_P00761	TRYP_PIG		231	Sus scrofa	1:Experimental evidence at protein level	Trypsin	1.0	0.999	5	32	32	32	32	32	32	10520732000.0		contam_P00761	contam_P00761	True	contam_P00761	True	24.39	sp|contam_P00761|TRYP_PIG Trypsin OS=Sus scrofa PE=1 SV=1	11	6834334260.278379	25.1	False	33.2925160352558	0	False	1	1
167	sp|contam_P01795|HVM26_MOUSE	contam_P01795	HVM26_MOUSE		144	Mus musculus	1:Experimental evidence at protein level	Ig heavy chain V region M167	1.0	0.9894	2	3	3	3	3	3	3	21769618.0		contam_P01795	contam_P01795	True	contam_P01795	True	16.21	sp|contam_P01795|HVM26_MOUSE Ig heavy chain V region M167 OS=Mus musculus PE=1 SV=1	8	19444812.72116215	26.4	False	24.37581275642572	0	False	1	1
168	sp|contam_P01826|HV1A_RABIT	contam_P01826	HV1A_RABIT		173	Oryctolagus cuniculus	1:Experimental evidence at protein level	Ig heavy chain V-A1 region BS-5	0.9644	0.9978	1	1	1	1	1	1	1	2390728.2		contam_P01826	contam_P01826	True	contam_P01826	True	18.47	sp|contam_P01826|HV1A_RABIT Ig heavy chain V-A1 region BS-5 OS=Oryctolagus cuniculus PE=1 SV=1	9	1898150.4760421852	4.0	False	21.189018689837358	0	False	1	1
169	sp|contam_P02533|K1C14_HUMAN	contam_P02533	K1C14_HUMAN	KRT14	472	Homo sapiens	1:Experimental evidence at protein level	Keratin, type I cytoskeletal 14	0.9889	0.9988	2	1	0	2	1	0	2	7270208.5	sp|contam_P08727|K1C19_HUMAN, sp|contam_P08779|K1C16_HUMAN, sp|contam_P19001|K1C19_MOUSE, sp|contam_P19012|K1C15_HUMAN, sp|contam_Q04695|K1C17_HUMAN, sp|contam_Q9QWL7|K1C17_MOUSE	contam_P02533	contam_P02533	True	contam_P02533;contam_P08727;contam_P08779;contam_P19001;contam_P19012;contam_Q04695;contam_Q9QWL7	True;True;True;True;True;True;True	51.53	sp|contam_P02533|K1C14_HUMAN Keratin, type I cytoskeletal 14 OS=Homo sapiens GN=KRT14 PE=1 SV=4	29	1791396.8715330372	1.9	False	22.793565308655108	0	False	1	1
170	sp|contam_P04264|K2C1_HUMAN	contam_P04264	K2C1_HUMAN	KRT1	644	Homo sapiens	1:Experimental evidence at protein level	Keratin, type II cytoskeletal 1	1.0	0.999	6	6	3	6	6	3	6	74566890.0		contam_P04264	contam_P04264	True	contam_P04264	True	66.0	sp|contam_P04264|K2C1_HUMAN Keratin, type II cytoskeletal 1 OS=Homo sapiens GN=KRT1 PE=1 SV=6	31	17188076.564669743	10.4	False	26.152031835759264	0	False	1	1
171	sp|contam_P13645|K1C10_HUMAN	contam_P13645	K1C10_HUMAN	KRT10	584	Homo sapiens	1:Experimental evidence at protein level	Keratin, type I cytoskeletal 10	1.0	0.999	4	4	1	4	4	1	4	16595070.0		contam_P13645	contam_P13645	True	contam_P13645	True	58.79	sp|contam_P13645|K1C10_HUMAN Keratin, type I cytoskeletal 10 OS=Homo sapiens GN=KRT10 PE=1 SV=6	26	4560880.401082567	8.4	False	23.98425137910168	0	False	1	1
172	sp|contam_P15636|API_ACHLY	contam_P15636	API_ACHLY		653	Achromobacter lyticus	1:Experimental evidence at protein level	Protease 1	0.9836	0.999	1	1	1	1	1	1	1	13413679.0		contam_P15636	contam_P15636	True	contam_P15636	True	68.08	sp|contam_P15636|API_ACHLY Protease 1 OS=Achromobacter lyticus PE=1 SV=1	24	3993738.369023985	2.1	False	23.67720164695093	0	False	1	1
173	sp|contam_P35527|K1C9_HUMAN	contam_P35527	K1C9_HUMAN	KRT9	623	Homo sapiens	1:Experimental evidence at protein level	Keratin, type I cytoskeletal 9	1.0	0.999	8	9	9	9	9	9	9	57373880.0		contam_P35527	contam_P35527	True	contam_P35527	True	62.03	sp|contam_P35527|K1C9_HUMAN Keratin, type I cytoskeletal 9 OS=Homo sapiens GN=KRT9 PE=1 SV=3	26	15768261.587692194	22.5	False	25.773890750050104	0	False	1	1
174	sp|contam_P35908|K22E_HUMAN	contam_P35908	K22E_HUMAN	KRT2	639	Homo sapiens	1:Experimental evidence at protein level	Keratin, type II cytoskeletal 2 epidermal	1.0	0.999	4	3	1	4	3	1	4	9983161.0		contam_P35908	contam_P35908	True	contam_P35908	True	65.39	sp|contam_P35908|K22E_HUMAN Keratin, type II cytoskeletal 2 epidermal OS=Homo sapiens GN=KRT2 PE=1 SV=2	40	1783409.3001559316	4.7	False	23.25106526233837	0	False	1	1
